ID,曲名,作曲者,音響的な特徴,ダンスに適しているか,エネルギーの強さ,インストゥルメンタルか,キー,ライブ録音か,音量,モード,音声の存在,テンポ（BPM）,拍子記号,再生時間（ms）,ポジティブさ
4EHz9eSbqBGJsUG9vCJHNO,らぶびーむ!!,たかやん,0.0898,0.544,0.786,0,1,0.231,-3.79,1,0.107,180.013,4,118190,0.632
7M464M9FHtaBlMqSXoqsJK,LOVE SCENARIO - KR Ver.,iKON,0.33,0.807,0.71,0,7,0.294,-4.609,1,0.0305,117.987,4,209648,0.76
0JwQmIEP9yeDlTgLWk75KY,,,0.0168,0.716,0.816,2.28e-05,4,0.642,-4.676,0,0.209,114.203,4,173382,0.754
4oPCfEDVIKnPJ6UPkhJPCa,酔いどれ知らず,Kanaria,0.143,0.77,0.568,0.0123,6,0.0715,-6.771,0,0.0431,115.025,4,134870,0.92
2MmgGuQzr0kkiA04lMdPXW,トウキョウ・シャンディ・ランデヴ,MAISONdes,0.0435,0.734,0.973,0.000548,6,0.0718,-1.789,0,0.0754,137.024,4,184767,0.91
1cAX2R2IHZapREX4esktMW,Hoodstar +,HYPNOSISMIC -D.R.B- (Division All Stars),0.0626,0.66,0.925,0,4,0.268,-4.124,1,0.0758,110.0,4,504586,0.679
2TL9ng664CxAiRs37Hfa2Z,1001 Arabian Nights,Chipz,0.00339,0.719,0.844,0.00387,1,0.245,-4.832,1,0.0455,138.038,4,186867,0.677
4cHB6U8fasfxq7XD8uNxuK,Hug,空音,0.871,0.727,0.83,0,1,0.0907,-3.129,0,0.164,91.859,4,184728,0.839
7CIbjpeX9en9WKzJtKCSos,Remember Heart,0xanar!,0.335,0.838,0.497,0.00659,8,0.103,-12.171,1,0.1,92.949,4,167056,0.567
26Iv7VGUF1lqU10rxQXFL8,Summer (Feat. BE’O),Paul Blanco,0.208,0.701,0.732,0,4,0.158,-4.773,0,0.126,158.075,4,199867,0.739
5NiXn5MiLblEoiYHYiAcxo,Disco Disco Party Party - Original Version,Omar Sarsam,0.132,0.962,0.455,0,0,0.0837,-17.813,0,0.06,132.009,4,180909,0.981
1mWN1USPKg632qQXG9sfDL,丸ノ内サディスティック,Sheena Ringo,0.113,0.425,0.916,0.000398,8,0.108,-2.909,1,0.118,199.694,4,235867,0.659
2xLOMHjkOK8nzxJ4r6yOKR,Birthday,Katy Perry,0.0879,0.719,0.674,3.75e-06,11,0.112,-5.122,1,0.0681,125.98,4,215042,0.843
7rulpDP9BnLMpBOlPF1Ucb,三日月ステップ,r-906,0.00153,0.658,0.852,0.00181,8,0.115,-7.218,1,0.0438,167.001,4,189701,0.96
63Tl9k1sH8tznn3bqoMuyF,Waka Waka (This Time for Africa) - K-Mix,Shakira,0.0116,0.71,0.871,3e-06,9,0.108,-5.037,1,0.0503,126.957,4,183947,0.829
4v3uHaMCZZEufJvf14FFhX,LIKE I LOVE YOU feat. Ninety6miles,JP THE WAVY,0.105,0.725,0.646,1.06e-05,8,0.133,-7.099,1,0.0567,151.97,4,201213,0.263
3r8RuvgbX9s7ammBn07D3W,Ditto,NewJeans,0.027,0.814,0.641,0,6,0.0993,-5.957,0,0.111,133.854,4,185507,0.183
3xeUlKzj8PLodj9dalf3EQ,ラムのラブソング,松谷祐子,0.606,0.811,0.763,0.00873,7,0.0925,-6.682,1,0.0683,90.494,4,162947,0.867
7mawUh4upc0sJVHgkgY3wb,Baby you,有華,0.16,0.813,0.578,0,11,0.151,-4.035,0,0.0674,169.916,4,163467,0.873
5KeI897tZgjezHKvxlaOaR,Nonsense - Sped Up Version,Sabrina Carpenter,0.0309,0.541,0.844,0,11,0.689,-2.471,1,0.142,165.931,4,137515,0.604
7uFI8KU4UOnINlRaqA1L2s,恋する,SHISHAMO,0.0029,0.378,0.92,0,1,0.101,-2.493,0,0.0609,173.89,4,371280,0.679
6KzoKkLB4A1JV9B1czI27S,うに,立秋 feat.初音ミク,0.0633,0.738,0.597,0,3,0.212,-3.231,1,0.0342,130.981,4,159733,0.956
2R6xQVJCCk1u8rPrxD5SmC,ブラウニー,和ぬか,0.0358,0.784,0.762,3.46e-06,11,0.134,-4.542,1,0.0383,136.999,4,210158,0.939
3ZEdrRIGjFpXZSzfjwWmDQ,Crayon,ZOT on the WAVE,0.157,0.791,0.859,3.71e-06,8,0.446,-4.524,1,0.0448,140.017,4,176681,0.946
5kFAqVDr87PpxfdVi5CAQ0,恋心よあたしにきっと幸あれ,Softly,0.441,0.667,0.666,0,3,0.169,-6.454,1,0.0267,95.004,4,191240,0.849
6xf2KSaajcQyIUNESVYhzO,Longiness,SugLawd Familiar,0.342,0.794,0.56,0,7,0.0799,-5.776,1,0.183,87.003,4,187742,0.424
5D4XpDNbB5WTFLQ8VA442k,ビートDEトーヒ,ハマいく,0.0568,0.819,0.662,0,0,0.441,-7.538,1,0.039,132.009,4,138663,0.581
78NUnAsLzE6azxvuPDy9M7,君のまま,百足,0.435,0.836,0.771,0,7,0.172,-4.441,1,0.106,123.977,4,177581,0.664
65FftemJ1DbbZ45DUfHJXE,OMG,NewJeans,0.357,0.804,0.771,3.07e-06,9,0.108,-4.067,0,0.0433,126.956,4,212253,0.739
7HVA1EkKQi4zNaYwE17Cvo,PULL UP,LANA,0.0624,0.636,0.745,0,9,0.141,-4.6,0,0.117,158.013,4,161203,0.502
3ge54HUrk1ht3EX5SMhIzZ,NO,Meghan Trainor,0.0125,0.471,0.802,1.45e-06,1,0.702,-3.599,0,0.27,88.615,4,213507,0.653
1gGeEcwqBNxVqjzjAWvS4N,Green Green Grass - Sped-Up,George Ezra,0.102,0.601,0.895,0,1,0.295,-4.157,1,0.19,146.994,4,128777,0.817
3ye3kttvMF7RqVGUZFXaPp,Lukewarm,satomoka,0.537,0.669,0.408,1.12e-05,2,0.165,-7.809,1,0.0273,94.989,4,256453,0.496
6SG8lh7fWQ2bahP5WBYePn,We don't talk together (Prod. by SUGA),HEIZE,0.039,0.629,0.736,0,7,0.333,-4.672,1,0.0401,97.883,4,199216,0.308
7KExqPOvjFzAI4d49mQxt9,ビリミリオン,Yuuri,0.232,0.413,0.623,0,10,0.0965,-6.223,1,0.0377,124.893,4,226628,0.629
2KhdaSCtP7AXW4x9WypfxU,Everybody Dance Now,Primeshock,0.00187,0.486,0.994,0.00806,8,0.53,-1.098,0,0.0448,150.025,4,206900,0.832
3HUDCgZgaY3ZVWohToy4LJ,Toca Toca,Fly Project,0.0211,0.907,0.611,3.21e-05,10,0.0317,-4.588,0,0.0923,125.982,4,165606,0.926
4fMewVWtew1oB6d3E8x9pp,オトナブルー,ATARASHII GAKKO!,0.124,0.876,0.815,0,11,0.149,-5.354,0,0.0884,130.034,4,185538,0.696
41drX9SojtdHcL3k5y7FSE,2022,Mafeepuolyz,0.186,0.805,0.492,0,11,0.0904,-10.749,1,0.105,110.026,4,248105,0.681
0ZuqmRUhshzFOLy3JmYcM8,Banana Shake,HUS,0.0701,0.81,0.811,0.00262,9,0.368,-6.383,0,0.0449,125.979,4,319307,0.741
38DlSDrx9tgc5Gfq6y3aBa,MOONLIGHT SUNRISE,TWICE,0.384,0.747,0.782,2.12e-06,1,0.0862,-3.255,1,0.0622,125.062,4,180320,0.6
5ffxZNBRjeN0zONSHN7hUC,Say So - Japanese Version,Rainych,0.775,0.732,0.668,5.23e-06,2,0.224,-6.768,1,0.0444,111.001,4,242327,0.705
5U9V9waYHhfhqPvSHRYs1O,ゼロ距離恋愛,rerulili,0.391,0.77,0.754,0,8,0.109,-4.571,1,0.0577,125.116,4,174227,0.801
5PYmvXGEdYPA4qT4LD3uDk,KIMAGURE,sloppy dim,0.233,0.609,0.729,0,6,0.83,-6.956,1,0.0561,155.002,4,169720,0.891
5U1xJmlRimUm6DtRd0kM6f,さくらんぼ,Ai Otsuka,0.128,0.516,0.852,0,7,0.32,-3.525,1,0.056,169.94,4,233800,0.707
16UIKx3sHzQDwCFd7KxkzT,すーぱーぬこになれんかった,Mafumafu,0.00268,0.54,0.98,0.00031,6,0.105,-1.734,0,0.0716,95.007,4,224639,0.573
7fQYRdNX6y8BpfmHvWVPm8,恋人じゃなくなった日,Yuuri,0.549,0.636,0.516,0,1,0.0825,-5.922,1,0.0355,74.996,4,224028,0.487
37xJCjdzJ17S1jCDz3GwsB,Boom Boom Back,BE:FIRST,0.0484,0.786,0.776,0,5,0.0593,-4.553,0,0.0614,100.006,4,188400,0.647
6uEWYpv8HNAdbwHlqemG1F,Love story,BOL4,0.432,0.865,0.822,0,4,0.0989,-3.261,1,0.0548,114.058,4,197333,0.634
1gStV6Xw1MRITx0y7rQTkr,IMAWANOKIWA,いよわ,0.132,0.311,0.902,3.94e-06,5,0.0655,-4.096,1,0.0766,87.242,4,253232,0.681
3SsEyUq1GjCihlV3G6eZ94,Melty Magic,picco,0.0102,0.538,0.823,0.0033,0,0.434,-3.895,1,0.0432,180.153,4,228000,0.584
1S1WSh4uCprvucg6Hx57Eh,ブルーアンビエンス,Mrs. GREEN APPLE,0.0337,0.647,0.906,0,0,0.116,-3.803,0,0.0374,106.485,4,250773,0.73
4GMmJVKPN99XBuWGrW47e7,セイカツ,おさるのうた,0.491,0.72,0.386,0,5,0.265,-8.273,1,0.0309,118.041,4,175498,0.74
4FMz2RFrbDGzJO7K4D0vS3,HAPPY BIRTHDAY,back number,0.0702,0.482,0.602,0,11,0.0677,-4.365,1,0.0303,145.988,4,258333,0.535
6maTPqynTmrkWIralgGaoP,If We Ever Broke Up,Mae Stephens,0.621,0.898,0.732,1.29e-05,7,0.0908,-3.982,1,0.0427,115.955,4,142759,0.96
7qAMlSbiw3tyo8tA09b9f5,The Pirate Song,TANAKA ALICE,0.339,0.772,0.672,3.52e-05,7,0.117,-5.004,1,0.0369,122.056,4,275055,0.374
2p9InWsxSanp9HH1nQKN8H,Bumble Bee,Bambee,0.00889,0.639,0.991,0.0107,10,0.324,-3.106,0,0.0311,138.022,4,196920,0.972
3oDFtOhcN08qeDPAK6MEQG,Boom Boom Pow,Black Eyed Peas,0.13,0.867,0.857,0.00171,9,0.13,-5.892,1,0.0663,130.048,4,251440,0.402
6UN73IYd0hZxLi8wFPMQij,Players,Coi Leray,0.03,0.954,0.516,7.54e-06,6,0.0504,-5.817,1,0.16,105.001,4,139560,0.624
6hQdLMHZXPGJV8oJdr2zsL,熱帯夜,RIP SLYME,0.0705,0.656,0.878,0.00104,1,0.0325,-4.035,1,0.0471,168.998,4,289947,0.725
2FTPImxF1FvwyzUnjSEZMZ,#リンリン!!,PAIN,0.0976,0.855,0.724,0,8,0.111,-2.237,1,0.132,120.036,4,99000,0.331
4preSlFr0bYsRHm9WxAcE9,Bad Boy,Cascada,0.0149,0.666,0.978,0.0444,11,0.222,-5.118,0,0.0925,139.991,4,191843,0.63
0NlM3asfhPzhDwm5frXquS,life hack,Vaundy,0.0233,0.711,0.655,0.00045,11,0.115,-5.987,0,0.047,90.981,4,226444,0.759
33gRKq0F6Mxf7oYKLRPflI,Shake,MUDA KONG,0.0237,0.606,0.966,0.365,11,0.211,-6.36,0,0.0487,141.054,4,59643,0.979
6NvcOlh7gtas2XCW2KACYo,life was a beach,Lena,0.292,0.865,0.6,0,11,0.0593,-5.738,0,0.099,113.071,4,174222,0.615
7gUuCeZLFynSj28GCjoiGG,ファジーネーブル,Conton Candy,0.00845,0.563,0.645,8.06e-05,1,0.295,-4.53,1,0.0457,135.022,4,237400,0.476
5O7dUqcxMUVPFL9YAE9e7q,貴方の恋人になりたい,チョーキューメイ,0.189,0.825,0.737,1.02e-06,11,0.0688,-5.029,1,0.0345,124.016,4,234118,0.96
4CFKfOLJho0WBEdb5CG3JK,カーテン,悠馬,0.531,0.7,0.861,0,3,0.0878,-6.591,1,0.139,87.972,4,201324,0.545
2oAktpQukxopxpFMbmG6JZ,Blue,BOL4,0.733,0.799,0.576,0,2,0.169,-4.424,1,0.0373,115.048,4,186213,0.774
4QhnNyKDsAkXPwHkSnuc89,"Eve, Psyche & The Bluebeard’s wife",LE SSERAFIM,0.0153,0.663,0.872,0,11,0.0519,-5.056,1,0.2,142.951,4,185539,0.626
0JNwir1F6ojuC9yYpt8DVd,PLAYBOY,CREAM,0.106,0.855,0.657,0,5,0.0803,-4.856,1,0.0599,99.037,4,200269,0.669
3nbzlHg8bwmlo1Wi6pTwPY,FLOWER,JISOO,0.032,0.843,0.389,5.25e-06,9,0.109,-7.664,0,0.036,123.967,4,174216,0.635
1BtLaNoJo4zXGaYRLjvACo,不法侵入,ZUTOMAYO,0.513,0.627,0.864,0,5,0.146,-2.966,1,0.0442,91.019,4,260067,0.768
1cqKVIGbfrsy3BdQK0atQ8,こころのこり,Brown Basket,0.00158,0.662,0.832,0,3,0.079,-4.404,1,0.0514,131.983,4,216477,0.515
3AxjdcjAKcidO2oUApgVsd,すき。,YUTORI-SEDAI,0.19,0.576,0.573,0,10,0.311,-7.389,1,0.0322,92.916,4,188734,0.824
6cyZnpC2E1tKFPX05Df6Dr,今の方が,百足,0.199,0.828,0.486,0,5,0.0768,-10.167,1,0.273,92.937,4,165504,0.724
1Ej4gvxiMMXtD8uDnADCTT,日常革命,neguse.,0.00981,0.437,0.684,0,7,0.345,-2.604,1,0.0369,157.835,4,273160,0.441
1hTReyVBNVvDqssrJMBGyz,君の目も鼻も口も顎も眉も寝ても覚めても超素敵!!!,SHISHAMO,0.00542,0.677,0.775,1.32e-05,2,0.0839,-3.707,1,0.0346,99.98,4,215147,0.3
6oWFj0CEkMuClA5uSz0Z9l,Side Dish,Shota Shimizu,0.508,0.725,0.513,0,6,0.0886,-7.572,1,0.0443,82.962,4,202720,0.378
5VT2W85mi96wZr9mjERaCO,男の子のために可愛いわけじゃない!,星乃夢奈,0.0204,0.579,0.849,0.00029,11,0.335,-6.675,1,0.0297,141.964,4,179900,0.94
0o3zVVGJkb1QIOMF9xySiu,名前は片想い,indigo la End,0.0906,0.71,0.873,2.06e-05,9,0.122,-3.579,1,0.0391,121.983,4,213793,0.837
42Af5vuvCRGC0t1ohkQlh8,Moulaga - Sped up,Heuss L'enfoiré,0.239,0.675,0.772,4.81e-05,11,0.108,-4.515,0,0.17,136.959,4,166861,0.485
6d9fVI1oNA9x7PYnHhV139,All About Him,Sarah Chan,0.357,0.736,0.819,0.000427,1,0.321,-5.828,1,0.095,96.971,4,202339,0.797
7FbrGaHYVDmfr7KoLIZnQ7,Cupid - Twin Ver.,FIFTY FIFTY,0.435,0.783,0.592,4.15e-06,11,0.347,-8.332,0,0.0331,120.018,4,174253,0.726
1EMWN9uomtQxEw2mZKrb2C,girls like me don't cry (sped up),thuy,0.383,0.827,0.8,0.00164,7,0.102,-4.821,0,0.11,142.667,4,164719,0.514
0di9gsacxf22J1oeTAB8Gv,girls like me don't cry (remix) ft. MIN,thuy,0.416,0.828,0.55,0,0,0.0881,-5.683,0,0.0369,109.997,4,213283,0.493
6nTtJld6EMw4MNoz21uUwF,花火,aiko,0.0786,0.626,0.895,0,5,0.0354,-4.141,1,0.0346,96.027,4,280067,0.885
4zYaGOHQs8GWPn6H08q8J4,Sweet Little Bumble Bee - Sped Up Version,NightGTA,0.0249,0.624,0.978,0.000304,0,0.373,-7.102,0,0.0406,137.996,4,191556,0.967
5aagV2A3SggOawJN9rVUYq,ニンジーン Loves you yeah !,ランカ・リー=中島愛,0.0236,0.761,0.277,0.0263,6,0.0691,-13.473,0,0.27,160.046,4,61102,0.975
7ovUcF5uHTBRzUpB6ZOmvt,アイドル,YOASOBI,0.112,0.574,0.935,1.07e-06,1,0.367,-2.783,1,0.0926,166.008,4,213234,0.836
7rTBToPQ2Uf408iKfFHU7r,Talking Box - Dirty Pop Remix,WurtS,0.0979,0.79,0.673,0.000121,8,0.0832,-6.6,1,0.0693,140.045,4,125200,0.538
348NF6vX0Yh22xvH0EZEro,NIGHT DANCER,imase,0.0945,0.911,0.585,0,7,0.134,-8.078,0,0.0735,117.06,4,210948,0.851
4NaaF28BeO9WzjDrSS71Nz,ダンスホール,Mrs. GREEN APPLE,0.0209,0.736,0.695,0,7,0.0517,-3.87,1,0.0468,109.976,4,203150,0.784
3K9RzumH1VCDgIZuwuT9bq,可愛くてごめん,HoneyWorks,0.104,0.633,0.956,0,2,0.356,-4.249,1,0.0507,160.031,4,219893,0.806
2Dzzhb1oV5ckgOjWZLraIB,Overdose,natori,0.0307,0.733,0.598,1.7e-05,4,0.218,-9.453,0,0.0377,118.012,4,197094,0.831
2uMNMcjjUz8oNIxjIu20qE,Habit,SEKAI NO OWARI,0.203,0.749,0.85,0,10,0.18,-5.39,0,0.126,117.968,4,253154,0.912
3L7ISJTvKx56uhsF28aJ4p,きらり,Fujii Kaze,0.00704,0.752,0.773,0,2,0.374,-6.842,1,0.0441,116.975,4,227893,0.686
495GBEvMX06OrwhCCZ7H0y,Melody,8LOOM,0.281,0.763,0.6,0,2,0.239,-6.081,1,0.0374,143.044,4,194753,0.754
2l2yRJWgMiJkfPbRNiuC25,新時代 - ウタ from ONE PIECE FILM RED,Ado,0.0505,0.494,0.986,4.41e-06,7,0.334,-2.262,1,0.243,175.003,4,228214,0.421
2e1gUS6Wv8GS8ZT6FMeE1J,ただ声一つ,ロクデナシ,0.895,0.707,0.5,4e-05,1,0.234,-5.78,1,0.0296,129.97,4,161561,0.583
02krb5JiLLiLxv6uLEMrIZ,Way Back Home (feat. Conor Maynard) - Sam Feldt Festival Mix,SHAUN,0.0441,0.644,0.879,0.000326,7,0.379,-5.347,0,0.0417,124.047,4,191508,0.302
5U4PgFWzfzY7VEg9Ck4ziF,ガーデン,Fujii Kaze,0.0932,0.589,0.527,0.000337,4,0.104,-8.332,1,0.0572,138.023,4,229333,0.576
4kjGAeGr3PPocjqhuIYbjf,Now is the best!!!,トンボコープ,0.00117,0.559,0.969,0,1,0.562,-4.136,1,0.0612,92.511,4,146896,0.652
7M3TZDUNvaNBo0qtWVaZif,WanteD! WanteD!,Mrs. GREEN APPLE,0.025,0.559,0.806,0,0,0.0433,-2.461,1,0.0498,160.019,4,217387,0.632
39ctCzopDN0dYr26AKmQOP,愛のしるし,Puffy AmiYumi,0.00111,0.635,0.749,0.00745,4,0.227,-4.955,1,0.0282,130.23,4,168427,0.836
1mWdTewIgB3gtBM3TOSFhB,Butter,BTS,0.00323,0.759,0.459,0,8,0.0906,-5.187,1,0.0948,109.997,4,164442,0.695
0akvgdebTkERlRqNKJZuFy,スターマイン,Da-iCE,0.295,0.725,0.895,0,6,0.0665,-3.554,1,0.183,131.986,4,227662,0.746
1H3qOzheTPhE7aVvJOWfvA,美しい鰭,SPITZ,0.0107,0.545,0.913,0.00029,1,0.245,-3.565,1,0.0298,98.047,4,211920,0.747
1NlkoYEA1ndLQIKzXTPh9V,Burning Friday Night,Lucky Kilimanjaro,0.0345,0.818,0.562,3.65e-06,10,0.0706,-3.831,1,0.0303,114.979,4,255408,0.816
223e30Nk8UY0HKezFtakUS,エジソン,WEDNESDAY CAMPANELLA,0.0195,0.838,0.729,0.0089,1,0.101,-5.733,0,0.0802,129.999,4,193511,0.619
1hIuSG6xV4RDgD8bDVKP7N,Dynamite,BTS,0.0112,0.746,0.765,0,6,0.0933,-4.41,0,0.0993,114.044,4,199293,0.737
3DR2RbatuGm3UVMrFflZxM,わたしの一番かわいいところ,FRUITS ZIPPER,0.0333,0.746,0.919,0.000104,9,0.0409,-4.746,1,0.0689,127.989,4,260687,0.84
6EzZn96uOc9JsVGNRpx06n,うっせぇわ,Ado,0.00485,0.525,0.978,0,11,0.06,-1.072,0,0.0815,178.069,4,204920,0.577
5rJ7bdPmr8nfmm2JQ8xHOz,POP!,NAYEON,0.0356,0.793,0.859,0,2,0.0343,-2.998,1,0.0544,97.001,4,168107,0.392
5Y0JbLOPLfWdWTQHJPJtEx,タイミング ~Timing~,Klang Ruler,0.114,0.756,0.607,2.15e-05,10,0.039,-5.01,0,0.0376,124.005,4,200823,0.713
14OcSHjrsHoZBJHwaYefH7,Under the skin,&TEAM,0.000436,0.652,0.764,0,6,0.275,-4.463,0,0.0402,113.272,5,191973,0.367
0TBZ2NGb9es28EVrtJGhic,おとせサンダー,ぼっちぼろまる,0.00586,0.559,0.948,0.000319,7,0.194,-3.614,0,0.139,176.989,4,244068,0.794
096qZRdXPOyvb5OP8NI7pw,イージーゲーム,natsumi,0.227,0.605,0.909,0,1,0.0497,-2.483,0,0.13,165.953,4,183930,0.901
0PTGYdQvnVQ1YJ65jxBNoT,スターラブレイション,Kera Kera,0.0532,0.584,0.986,0.000655,4,0.019,-0.385,1,0.0755,144.025,4,275880,0.583
5m1i6hq7dmRlp3c1utE48L,水平線,back number,0.011,0.419,0.75,0,10,0.159,-3.546,1,0.0316,145.867,4,285396,0.436
0bdAQ9dwLA5cJtgM05PRKW,Nagisa,imase,0.203,0.738,0.864,2.31e-06,9,0.147,-4.489,1,0.0512,128.048,4,226489,0.951
0CZB07xMxIGRfCZT93ynFj,海のリビング,鈴木鈴木,0.0905,0.652,0.846,0,10,0.242,-4.005,0,0.0374,97.998,4,223600,0.762
2ILz4eU7UCTv0Wup7F5lVt,なにやってもうまくいかない,meiyo,0.0483,0.872,0.814,2.22e-05,4,0.0403,-4.875,1,0.215,124.92,4,146588,0.829
6qn31XzTa6YKXs5FZpAPgP,常緑,Chippoke Ohashi,0.0242,0.725,0.75,0,11,0.101,-5.694,1,0.0772,101.19,4,171547,0.888
2sQDwbzGSpHXwnIAOrcDn9,グッバイ宣言,Chinozo,0.032,0.552,0.905,0,9,0.345,-4.992,0,0.101,169.929,3,172471,0.896
1uYDXSXxBBZSNUs2dfbTxT,カタコト,sloppy dim,0.591,0.859,0.629,0.00474,4,0.165,-6.613,1,0.0695,135.02,4,158889,0.909
1w2tdCsX2yKFjbh3wHII94,アドベンチャー,YOASOBI,0.279,0.77,0.859,3.52e-06,9,0.0432,-3.602,1,0.0313,128.01,4,199965,0.84
6uSe3ACORUIVrAyiP84RZi,melt bitter,satomoka,0.0467,0.692,0.58,6.03e-05,6,0.326,-4.539,1,0.036,96.067,4,309840,0.626
48lsRmp9AC6tU4rP9QJx4H,Partner,有華,0.108,0.789,0.63,1.56e-06,9,0.132,-5.049,1,0.037,95.009,4,174013,0.836
7altakU1CXsGIwqrO0hkQl,2:23 AM,しゃろう,0.244,0.587,0.611,2.88e-05,10,0.238,-8.862,1,0.0739,179.951,4,196000,0.499
296nXCOv97WJNRWzIBQnoj,FEARLESS,LE SSERAFIM,0.0508,0.863,0.62,0.00324,7,0.129,-7.167,1,0.135,103.971,4,168437,0.432
0pNp80fxoWtFWW1U2sYZKV,"Why""you""",シズクノメ,0.0629,0.614,0.601,0,9,0.164,-4.032,1,0.0446,92.986,4,209299,0.474
0FOVGBW0RpVRuDuUuN4ZVw,ヨワネハキ,MAISONdes,0.0432,0.78,0.814,8.28e-05,7,0.168,-3.617,1,0.0291,108.025,4,166967,0.59
5XhxMq0dQNenKr6eDU79Ka,Surges,Orangestar,0.0775,0.587,0.924,0,5,0.256,-4.622,1,0.0534,136.95,4,120876,0.882
5HCyWlXZPP0y6Gqq8TgA20,STAY (with Justin Bieber),The Kid LAROI,0.0383,0.591,0.764,0,1,0.103,-5.484,1,0.0483,169.928,4,141806,0.478
4vxYz8LfMweP7qU0lmkxdu,手首からマンゴー - 2021 ver.,たかやん,0.213,0.825,0.597,0,2,0.159,-4.356,1,0.0505,97.054,4,180599,0.745
5x67EAHDrso2bSXy5HWx0j,勝たんしか症候群,たかやん,0.142,0.752,0.746,0,0,0.14,-3.977,0,0.0406,100.042,4,111851,0.563
7ABfyynRwOeKPNGRs3VXtR,陽キャJKに憧れる陰キャJKの歌,音莉飴,0.257,0.614,0.843,0,0,0.145,-6.549,1,0.0393,158.016,4,179241,0.362
7w40ZhnQZKfD0Mikcvhkcj,Blue Spring (Sky Filter),心之助,0.0213,0.704,0.836,0,11,0.0742,-6.188,1,0.154,90.011,4,207033,0.839
2fMulWj1t8Sg10z2DPDQDm,雲の上,心之助,0.0248,0.574,0.897,0,9,0.148,-4.188,1,0.241,172.001,4,215307,0.379
37bDwOHWBmuQXSOksqlkND,#エブリディアソビ - REMIX,PAIN,0.0879,0.884,0.894,0,7,0.0974,-3.202,1,0.0576,119.999,4,129250,0.713
3epGpisw6O1ygaVCc1l67w,好きすぎて会いたい,エイトMAN,0.0336,0.777,0.526,0,11,0.0887,-7.083,1,0.0364,104.969,4,216964,0.575
6Ibox6uQvwZQ2cEmV29T7d,Good波,PAIN,0.0236,0.77,0.737,0,9,0.325,-4.4,1,0.0673,96.978,4,118144,0.793
7El2QxG6RD4xtbeuzSRJIO,モテすぎて草、誘ってて森,なかねかな,0.199,0.721,0.635,0,7,0.151,-4.122,1,0.102,165.953,4,120357,0.761
0yQMTRdK2vzN3wNKaFamtR,It's A Whole World,そーいち,0.26,0.587,0.998,3.11e-05,8,0.0646,-0.401,1,0.0755,159.98,4,207375,0.752
2yXTuH22VMVjFME060zJRv,キンモクセイ,オレンジスパイニクラブ,0.092,0.544,0.761,0,5,0.18,-3.936,1,0.0362,105.035,4,231933,0.322
6JmTrd6VvMOWZFBk439e28,可愛い君が愛おしい!,Sui,0.000228,0.426,0.859,0,1,0.305,-3.066,0,0.0603,91.902,4,152440,0.66
3EYWY7XBj1BkCKX3R3hoZk,Bluma to Lunch,BLOOM VASE,0.034,0.756,0.726,0.000455,7,0.119,-5.388,1,0.0489,123.98,4,159040,0.792
0T2ccREtAzxRQLvKKWSxjH,Pop Corn,BLOOM VASE,0.547,0.746,0.757,1.04e-06,7,0.094,-4.149,1,0.0414,87.509,4,157714,0.712
78C3YRa8QCgaJrFwVsqkA7,PINK SWEET,BBY NABE,0.183,0.629,0.748,0,4,0.291,-5.523,1,0.0382,163.963,4,134634,0.318
0nW1Aes1arNyR1fzEKXS2m,シル・ヴ・プレジデント,P丸様｡,0.0237,0.647,0.9,0.0225,1,0.314,-2.383,1,0.113,175.926,4,190493,0.746
5EL8EW4ygfWUvLa0pFZABd,同担☆拒否,HoneyWorks,0.0231,0.559,0.879,0,5,0.174,-4.072,1,0.0371,160.029,4,252307,0.551
7Ccz2RwXNftv7dyO1TXG5b,45秒,respon,0.369,0.588,0.92,0.0199,7,0.1,-5.204,1,0.0463,155.15,4,45484,0.504
4cQ9U26CUjFPmp5W4fzLv2,小悪魔だってかまわない!,Meychan,0.000717,0.485,0.974,0,7,0.257,-3.23,1,0.123,176.962,4,208814,0.719
154Jycdld9dX9rBLE6L3v4,寄り酔い,和ぬか,0.14,0.591,0.665,0.00103,6,0.382,-6.525,0,0.153,118.195,4,216959,0.694
3mSqtn05vfpqAMpFTLsxpi,ミライチズ,Yoru no Hitowarai,0.0849,0.456,0.873,2.26e-06,7,0.051,-2.086,1,0.0496,205.959,4,239613,0.604
0iotyDF6RF5klVLztERO5Z,逃避行,imase,0.812,0.926,0.383,0.00238,5,0.254,-7.729,1,0.0776,134.076,4,191689,0.39
1Vqs0lXeJafYZz2sxnfB3V,シンデレラボーイ,Saucy Dog,0.0748,0.596,0.735,0,9,0.269,-6.362,1,0.0332,108.106,4,234324,0.524
6WUytTGUVFHTVGOqty1UPs,ケダモノのフレンズ,にしな,0.243,0.763,0.663,3.61e-05,7,0.0733,-5.668,1,0.033,96.002,4,217048,0.681
6EuubEs5qOmJdpNhkU47OZ,スパークル,Lilas Ikuta,0.417,0.614,0.579,0,11,0.0666,-4.937,1,0.038,149.831,4,213600,0.692
2fugz98hR5yV3sXhZASjHs,超チルなラッパー,Matt Cab,0.0127,0.539,0.668,0.768,9,0.13,-5.607,1,0.08,149.945,4,145419,0.761
1ZGBwdBfy7M5XWGo4XoGlf,なんでも言っちゃって,LEX,0.0344,0.799,0.676,0,2,0.0991,-4.757,0,0.0564,108.004,4,146667,0.663
2185Oh4eSLmclm53iq6B1T,CHOA,SG,0.108,0.877,0.362,0,6,0.0698,-8.579,1,0.196,92.019,4,215405,0.877
1YIr7kCHsECRkVclYvFRUY,キャットラビング,香椎モイミ,0.0149,0.609,0.859,0.835,2,0.0167,-7.784,1,0.0391,163.048,4,117055,0.808
2FRMwFXODegegRrfLAeVwx,エゴロック - long ver.,すりぃ,0.0435,0.537,0.99,0,0,0.257,-2.534,0,0.199,112.574,4,169529,0.433
00ydUpbxn87fyKSK5A6Du8,マーシャル・マキシマイザー,柊マグネタイト,0.0387,0.679,0.872,0.000338,10,0.575,-5.489,0,0.0565,95.024,4,163687,0.529
5CemfPeG9dWYcODuxH84AO,全糖の少女,L1VET..,0.0149,0.699,0.571,2.28e-06,5,0.366,-7.351,1,0.2,127.985,4,230217,0.85
6nYezkgAePhAmnxNTQRsLV,PAKU,asmi,0.296,0.84,0.889,3.52e-05,7,0.344,-4.968,1,0.125,124.04,4,125771,0.961
7sRYDTjWTX00fd9BCOflLo,ホワイトキス,鈴木鈴木,0.133,0.704,0.797,0,1,0.284,-4.7,1,0.0505,110.003,4,274860,0.619
3iAg1PmDAQOj2Cvq5cS1RY,热爱105°C的你,早稻叽,0.695,0.833,0.533,0.000167,1,0.151,-8.383,1,0.0423,136.933,4,196598,0.654
2TuLwfVNIZA8dNjSkMwI3y,モンロー,Mao Abe,0.0266,0.619,0.979,5.46e-05,9,0.0809,-6.547,1,0.0741,157.975,4,189733,0.808
09KjghdzYZubuIgofiWOXP,デリヘル呼んだら君が来た,鳴海,0.003,0.588,0.919,0,9,0.199,-2.481,0,0.0424,95.019,4,249160,0.756
6MJFNhbXbqXCbHP24yLltO,ダーリンダンス,Kairikibear,0.00979,0.598,0.973,8.84e-06,4,0.137,-1.534,1,0.0669,153.012,4,206275,0.932
5ALRT96oaGuX7VHySBLbQu,神っぽいな,PinocchioP,0.246,0.652,0.811,1.35e-05,7,0.304,-7.125,0,0.0964,142.046,4,203760,0.538
5fpo7NIiZnbVvUEfmw0qQ6,ス・マ・イ・ル,上白石萌歌,0.094,0.665,0.849,0,8,0.113,-8.043,1,0.0631,165.946,4,210361,0.908
5WCK18MbTKuOcmLsOXMaHd,ロキ,Mikito P,0.000843,0.545,0.985,1.38e-05,11,0.323,-3.106,0,0.1,149.983,4,230400,0.703
1g22hsQbk36dIBymtLplHb,推し★ごと,HoneyWorks,0.0202,0.634,0.818,0,0,0.0527,-5.334,1,0.029,131.996,4,195909,0.601
1zz3SznRrDWIEOzK6QoPpx,アリス,Local Campione,0.456,0.839,0.564,2.38e-05,9,0.169,-6.161,1,0.0363,97.007,4,183093,0.888
47eLnWll78mdBJjcgJu34o,フィクション,sumika,0.144,0.658,0.94,0,2,0.104,-2.427,1,0.0339,122.992,4,233253,0.694
2CI96R3OlXMAFxHLMm5kDS,学園天国,Finger 5,0.228,0.436,0.856,1.97e-06,4,0.47,-4.596,1,0.294,180.192,4,153733,0.772
6iTZo83GkmAc6kB3rQI0R6,ハッピーチルドレン,トラや帽子店,0.412,0.79,0.601,0,4,0.329,-16.108,1,0.0429,123.855,4,145133,0.813
1xFQ5lKWILBjqnyX4RgI8d,#あくあ色ぱれっと,湊あくあ,0.00896,0.562,0.941,0.45,8,0.0501,-4.597,1,0.0384,156.062,4,272308,0.816
4DRXJsaixNQtIdKzPvAVkp,食虫植物,理芽,0.248,0.811,0.496,6.8e-06,6,0.0977,-5.403,1,0.0395,122.959,4,157947,0.769
0hQNbQKW2dDATH1ngj4TI6,WA DA DA,Kep1er,0.00122,0.785,0.907,3.11e-06,10,0.213,-2.657,1,0.0938,126.004,4,183693,0.685
1A3x1gGA0CrYEizjjyyFGd,虹色の戦争,SEKAI NO OWARI,0.000726,0.484,0.867,1.68e-06,11,0.0764,-5.13,0,0.0542,170.072,4,337133,0.572
0JnOpiUieuk9SdRv7Fkw2P,恋泥棒。,『ユイカ』,0.0483,0.71,0.718,3.26e-06,11,0.0881,-6.379,1,0.0257,109.054,4,219643,0.813
5oH4DQAuu1J1800RzUsBWa,That That (prod. & feat. SUGA of BTS),PSY,0.0299,0.905,0.962,0,4,0.0272,-3.197,1,0.0856,129.969,4,174647,0.906
0QxUDD87uCY6G9hcWGVMMu,エリート,Chinozo,0.0197,0.766,0.568,0,8,0.0633,-8.133,1,0.0366,119.97,4,170000,0.858
6ybLgHBGIxR8R6IIVmaipO,W / X / Y,Tani Yuuki,0.155,0.478,0.777,0,2,0.327,-4.48,1,0.0753,103.832,3,279100,0.671
4fouWK6XVHhzl78KzQ1UjL,abcdefu,GAYLE,0.299,0.695,0.54,0,4,0.367,-5.692,1,0.0493,121.932,4,168602,0.415
3THdOskGxdJcRbp0DcS4s0,Life Is Still Going On,NCT DREAM,0.158,0.681,0.749,0,0,0.303,-3.436,0,0.0701,150.039,4,218587,0.676
3BwkldhE22DdxOcXegF2Kv,Bananza (Belly Dancer),Akon,0.0334,0.877,0.702,8.92e-06,10,0.743,-5.899,0,0.127,104.833,4,238493,0.69
55Ctj6nVfobn9AcPe6sLG2,Like,BTS,0.303,0.737,0.723,0,0,0.26,-4.165,0,0.0705,100.939,4,231893,0.783
2N2qxWPU60swo6fm1SnOgr,WAVEBODY,JP THE WAVY,0.0523,0.884,0.749,5.28e-05,1,0.139,-6.019,1,0.133,87.479,4,184507,0.859
3gChfwiB0yrnZRnlJ5Oq9E,Love Me Harder,WOODZ,0.0213,0.732,0.804,0,10,0.132,-3.91,0,0.0433,129.98,4,207747,0.657
6pgqZ7Iw4LfHlfgWWaRFSY,The Feels,TWICE,0.0899,0.808,0.903,0,9,0.0816,-2.179,1,0.0729,120.044,4,198053,0.922
0eu4C55hL6x29mmeAjytzC,Life Goes On,Oliver Tree,0.186,0.7,0.49,0,0,0.117,-5.187,1,0.076,79.982,4,161803,0.569
2CVChktEKBsM6v4IfdFU5k,double take,dhruv,0.837,0.654,0.434,0,8,0.216,-11.163,1,0.0665,109.069,4,171743,0.223
1sdtvYJshwHsHgEnXk9QX2,真生活 - Cover,Kotoha,0.435,0.753,0.734,0.00129,0,0.126,-4.529,1,0.0337,127.988,4,247517,0.678
0m9QPTZzjtqCWY9Jg8poHc,ヴァンパイア,DECO*27,0.0096,0.555,0.955,0,1,0.329,-4.073,0,0.048,164.028,4,178235,0.955
2v5s1nLQS6Z78a4QxxHoQY,Valiant 2017,BEK & Wallin,0.174,0.637,0.939,0,9,0.43,-4.525,1,0.233,155.111,4,165875,0.671
0oH94EuqPENzurxBFyiggQ,ロコローション,ORANGE RANGE,0.0983,0.646,0.894,0,11,0.0703,-2.816,0,0.101,140.046,4,195533,0.811
7p21ty59l7gtfhDX7rifLa,My Resort,¥ellow Bucks,0.0314,0.824,0.752,3.93e-06,9,0.122,-4.496,1,0.035,117.991,4,132813,0.739
3EOY3ctFkcD3xXrVO9503S,WATASHI,PIEC3 POPPO,0.402,0.871,0.781,1.04e-05,5,0.0763,-5.566,0,0.064,103.983,4,168062,0.47
2BgEsaKNfHUdlh97KmvFyo,2002,Anne-Marie,0.0372,0.697,0.683,0,1,0.137,-2.881,0,0.117,96.133,4,186987,0.603
2uTfbC5HkNpYHxYFb9kgZF,Yrn,EZRA,0.0202,0.807,0.792,0.00128,7,0.124,-7.635,0,0.171,126.074,4,269189,0.661
1m4dXbkplvaOO4Wbdjbwxs,Me Too,Meghan Trainor,0.0963,0.935,0.694,1.2e-06,11,0.479,-5.849,0,0.101,123.824,4,181240,0.834
62nS0xErKhT1Z7FySCN4pH,Are You OK?,ម៉ៅ វុធ,0.374,0.685,0.853,0.00056,7,0.0628,-8.462,1,0.103,150.0,4,93059,0.532
2A7A3KF4NHFjW3ygFSt7In,Hey Tayo - Tayo Opening Theme Song,ENHYPEN,0.119,0.785,0.672,0,8,0.0554,-4.379,1,0.0306,114.996,4,111387,0.754
1y4eb6hmAvsqlDOl3fx9kk,Hot N Cold,Katy Perry,7.95e-05,0.706,0.841,0,7,0.0688,-3.956,1,0.0418,132.032,4,220227,0.861
6qbRxndwYk4fnll7FxsDRR,YONA YONA DANCE,Akiko Wada,0.0059,0.638,0.81,7.78e-05,6,0.214,-5.524,1,0.0331,144.997,4,226333,0.887
2KqRO3dW7ERhyG16FuLI0n,しゅわしゅわハニーレモン350ml,しゃろう,0.0699,0.733,0.722,0.0563,4,0.368,-9.115,1,0.038,124.995,4,96960,0.671
7bcuvejc4rDM84mQnSwJhM,memory,asmi,0.528,0.563,0.565,0.125,7,0.143,-5.757,1,0.03,85.01,4,182110,0.271
6bpjtuyMj16ddrHepEnMWS,チャイナアドバイス,ロイ-RöE-,0.188,0.721,0.803,0,6,0.0964,-3.518,0,0.049,130.013,4,181846,0.908
0gIbjAz4BusevCLxa53YNJ,自主,ロス,0.00477,0.415,0.82,2.43e-05,7,0.131,-3.552,0,0.072,135.877,4,186349,0.564
4oYLy9WmdaisOWo06v4RbG,Gee,Girls' Generation,0.213,0.801,0.853,0,1,0.07,-3.032,0,0.0262,99.981,4,201653,0.752
6N19sHUX9ND67L4IBPR9yD,美人,CHANMINA,0.0109,0.796,0.733,4.16e-06,1,0.24,-5.995,1,0.0986,94.998,4,158621,0.412
3riqV8PHEAHT4V0O0NPFKe,チューリングラブ,Nanawoakari,0.0818,0.611,0.919,0,7,0.122,-1.868,1,0.101,142.017,4,222493,0.825
0j7wnGjk7u6rZ4yOlfDdhK,メンタルチェンソー,P丸様｡,0.00676,0.533,0.95,0.263,7,0.0917,-1.775,1,0.085,187.968,4,175480,0.696
0X5j6Fw8077d74Q1WtyiqF,TEENAGE VIBE,kZm,0.0747,0.539,0.941,0,11,0.052,-4.645,0,0.29,179.042,4,157582,0.539
5AUqOlLEL6ZmJnsezOHGqd,あかるいみらい,Mom,0.0886,0.794,0.752,2.72e-05,8,0.108,-5.564,0,0.266,79.994,4,131789,0.691
0TkyAwi6LZCHEUrYKdc90N,Kimi No Toriko,Rizky Ayuba,0.165,0.827,0.941,0.0392,0,0.163,-3.076,1,0.0508,131.991,4,132923,0.988
79IJsjFVAvDVgk1tooBwtS,ポッピンキャンディ☆フィーバー!,kinoshita,0.0409,0.479,0.978,0.66,6,0.27,0.177,0,0.118,190.046,4,210000,0.518
42oB2rIoWXxleQF9hRno0W,ポケットからきゅんです!,ひらめ,0.866,0.76,0.467,0.00259,1,0.149,-2.213,1,0.0371,89.975,5,199579,0.679
169xe0EtpWdUz0eWHUoUJf,惑星ループ,Nayutalien,0.00175,0.439,0.977,0,10,0.0524,-2.756,1,0.0993,169.925,4,195250,0.652
7mkZusSUPpvNilpDHqn2z1,最&高,Kyary Pamyu Pamyu,0.0356,0.682,0.891,0.0284,0,0.108,-2.62,1,0.0305,129.987,4,212400,0.827
4Jp1oze46OeCkvGhvL7Inc,「ぴえん」のうた,Hari Supiko,0.199,0.832,0.643,0.25,0,0.18,-9.745,1,0.0371,118.993,4,142116,0.866
5DgAgJbHcm74RyA9YKj6k1,Step and a step,NiziU,0.184,0.844,0.851,8.53e-05,0,0.0754,-3.762,1,0.0494,116.038,4,201720,0.541
217opy2ZZMNRyJauNHk3rH,スキスキ星人,すとぷり,0.00851,0.439,0.922,3.95e-06,9,0.241,-3.31,1,0.0332,185.041,4,236173,0.497
1PVUvNXbXqbNTF0u52ou2o,クリームソーダとシャンデリア,mei,0.0623,0.729,0.831,0,1,0.254,-3.236,0,0.0357,125.036,4,222000,0.823
0IaExWYw8Ln3pD7bUmDSEM,ヒロイン育成計画,HoneyWorks,0.0124,0.578,0.88,0.227,7,0.323,-2.335,1,0.0706,179.947,4,219800,0.853
7fru0rxutpi08K7Q112saF,Talking Box,WurtS,0.00477,0.787,0.718,0.00107,8,0.0895,-6.17,1,0.0395,140.002,4,141934,0.47
2PFzK3kMDDYKhGnugvNYf1,なんでもないよ、,Macaroni Empitsu,0.278,0.597,0.525,0,4,0.0692,-6.039,1,0.0519,171.561,4,218752,0.589
6llBOJ6HLHvlVnKeZqhXk8,Rumors,Jake Miller,0.134,0.883,0.712,0,1,0.106,-4.769,0,0.0465,120.022,4,186103,0.825
4CDnEUM7clBzA68XmApYXV,How You Like That (English ver.),Sati Akura,0.531,0.797,0.842,6.68e-06,11,0.0596,-5.48,1,0.0702,130.021,4,176615,0.469
5mpWGq83n0sIgGRopGk5QZ,Wrap Me In Plastic,MOMOLAND,0.286,0.821,0.602,0,5,0.0862,-2.916,0,0.0907,179.932,4,192808,0.776
7HzOKBDIYiTbJb3qF6k26E,Go Bestfriend We Killing Them,DJ Gotta,0.115,0.913,0.375,0.00204,2,0.0592,-10.765,1,0.299,133.988,4,112603,0.377
7BoobGhD4x5K96Me0hqC8Q,Build a Bitch,Bella Poarch,0.217,0.855,0.463,1.77e-05,3,0.347,-7.454,1,0.0367,102.931,4,122773,0.866
5TYzXnUxupx23ysdZz3eha,Breathe,kenzie,0.495,0.716,0.451,0,1,0.121,-6.423,0,0.0336,100.0,4,208950,0.461
0k5hoseEJnCAbpRh38dNoI,Title,Meghan Trainor,0.343,0.779,0.754,2.6e-06,5,0.0965,-4.358,1,0.0966,89.998,4,174733,0.883
2bxvV0lcv6vCryQyqWpESE,Yahhh! (Sped Up),SpeedyTunes,0.0548,0.781,0.79,0,7,0.188,-2.714,1,0.0963,92.175,4,157675,0.725
6WVn1rWNNxaT5AoU3LuZid,おねがいダーリン,P丸様｡,0.00327,0.596,0.929,3.51e-05,9,0.299,-3.056,1,0.0753,179.933,4,192880,0.351
47LOnt9dxPD2dI6fZFH5as,Chernobyl 2017,Meland x Hauken,0.0722,0.607,0.81,0,1,0.343,-4.504,1,0.258,160.084,4,196523,0.481
1E0Cy5d2qcXTs8xVGwEEFO,ワライカタ,Yoru no Hitowarai,0.777,0.811,0.541,0,0,0.111,-5.255,1,0.0294,110.08,4,216000,0.808
5gDxhjgpRoClBFrOcNGiEQ,Say! Yes,SISTAR,0.174,0.674,0.839,0,7,0.634,-4.224,1,0.0965,95.043,4,188836,0.8
6MXlv5l2I2BRa9pO38dE1a,フライデー・ナイト,natori,0.236,0.633,0.713,0,5,0.433,-5.467,0,0.105,82.08,4,175368,0.927
1ID5KbsGbd0QXvWPzDO7KY,死ぬな!,Kocchi no Kento,0.105,0.802,0.682,0,4,0.099,-8.554,0,0.0452,110.053,4,208043,0.692
5sdQOyqq2IDhvmx2lHOpwd,Super Shy,NewJeans,0.18,0.776,0.817,3.44e-05,5,0.146,-6.018,0,0.0748,149.921,4,154667,0.515
3xFQL262WHl5XNigU4rgW0,サインはB - アイ Solo Ver.,B小町,0.0268,0.542,0.961,1.14e-05,1,0.38,-2.919,1,0.0576,174.899,4,213794,0.351
1rpiNePakpelGxsKFzNVBP,Good Bye,Rin音,0.249,0.744,0.794,0,2,0.129,-6.098,1,0.0361,125.982,4,250933,0.837
0teqQ0PYqVDyyXJuPOyMhu,ケセラセラ,Mrs. GREEN APPLE,0.0306,0.756,0.578,0,6,0.0534,-4.575,0,0.0327,115.004,4,272227,0.677
6rdkCkjk6D12xRpdMXy0I2,New Jeans,NewJeans,0.51,0.807,0.721,0.00216,4,0.115,-6.211,0,0.0508,134.014,4,108987,0.532
4WUxbKOao3WHDnfspZQof2,ガチやべぇじゃん,P丸様｡,0.0327,0.718,0.944,1.13e-06,1,0.358,-2.492,0,0.134,120.01,4,212160,0.75
1l2Jd4haFIUiIkBwkSagL9,夏風に溶ける,MAISONdes,0.214,0.651,0.778,0.000235,9,0.181,-6.01,1,0.044,168.102,4,224633,0.817
36jIu8oPR1Z4cguMuHxUXA,TATTOO,OFFICIAL HIGE DANDISM,0.0114,0.481,0.901,0,0,0.314,-5.629,1,0.163,194.084,4,288100,0.817
19Tzt6c75W1wUrXgv2WR2W,Suki Lie,ATARASHII GAKKO!,0.165,0.705,0.802,0,11,0.0696,-3.884,0,0.22,178.299,4,195013,0.394
69xZrRwScYMhlCMcxrF958,Luxurious,Gwen Stefani,0.154,0.811,0.726,0,0,0.116,-3.995,1,0.0813,131.027,4,264920,0.666
78vXFCwKXajvEchK1o8WHT,Fuckin' Good,スーパー島田ブラザーズ,0.00738,0.814,0.566,0,5,0.054,-7.857,1,0.0482,139.999,4,207000,0.48
5LMoKDVzW2kDneNu2UbspP,Zero,NewJeans,0.31,0.705,0.653,1.46e-05,1,0.122,-7.407,0,0.17,171.932,4,154194,0.578
4hbU7BVioG3WnoRNEy5YUf,Kitsch,IVE,0.0119,0.8,0.792,1.11e-06,11,0.0495,-4.953,1,0.0529,102.0,4,195440,0.455
4QlSFkbRxZWkHDF1MqBaEY,そんなbitterな話,Vaundy,0.0918,0.427,0.689,0,9,0.102,-4.35,1,0.0354,178.077,4,276083,0.733
5qpbyEDyFT4lJzCVrBJres,Cupid - Speed,Ren,0.462,0.692,0.739,0.00643,6,0.131,-8.763,1,0.0354,75.739,4,136255,0.875
3Ua0m0YmEjrMi9XErKcNiR,Like Crazy,Jimin,0.0025,0.629,0.733,0,7,0.357,-5.445,1,0.0419,120.001,4,212241,0.362
0ouJ2rEv64eoK99rA9p9iT,XOXO - GAL version,LOALO MODELS,0.00611,0.558,0.989,4.56e-06,8,0.315,-3.615,1,0.035,150.049,4,190750,0.824
63zZufrRDgwcVMUbvbfcJh,SET ME FREE - ENG,TWICE,0.127,0.751,0.83,0,5,0.0723,-2.484,0,0.204,113.098,4,181680,0.725
2gYj9lubBorOPIVWsTXugG,After LIKE,IVE,0.103,0.68,0.922,0,0,0.0877,-1.215,1,0.121,125.014,4,176973,0.799
0Ts1lnK3lYa2dwE2orDJc5,I Don’t Think That I Like Her,Charlie Puth,0.396,0.587,0.548,0,8,0.109,-5.846,0,0.0339,186.073,4,188508,0.713
1TXhBe3DnaOFc7onTbEoiB,セブンティーン,YOASOBI,0.0776,0.71,0.871,1.51e-05,5,0.0183,-3.426,0,0.0624,139.977,4,199586,0.78
4KTK0uE4uJlS2Y8Gtq81I9,Lost Me,Stray Kids,0.36,0.548,0.856,0,0,0.0731,-2.891,1,0.0409,86.037,4,189120,0.439
7uefNWIWZwmNUYZktNSV8s,I'm Not The Only One,Sam Smith,0.49,0.688,0.474,4.48e-06,5,0.0846,-5.894,1,0.0344,81.976,4,239317,0.482
7wFeVMTlgOu910OH9RctRI,I do! Do you?,Kep1er,0.106,0.86,0.833,0,0,0.254,-2.633,1,0.0606,119.967,4,214827,0.909
70uJr9I7fSA0DUrnSzyCvZ,紋白蝶 - feat. 石原慎也 (Saucy Dog),Tokyo Ska Paradise Orchestra,0.106,0.487,0.878,0,7,0.182,-2.854,0,0.0549,170.964,4,284433,0.609
1O7YNEE0AhpD7D1sgF8wO7,キケンナアソビ,Creep Hyp,0.193,0.575,0.691,0,8,0.153,-3.589,0,0.0432,175.953,4,239320,0.748
3IelG5zYpWWCZIH4cqWlPV,SHOOTING STAR,XG,0.0229,0.625,0.712,0,2,0.252,-5.996,1,0.0539,163.015,4,203557,0.398
7F7s8Hh6h1PgGUyVzpRfDs,Baby I Need You,Joosiq,0.354,0.73,0.558,0,4,0.165,-4.403,1,0.0418,100.044,4,215400,0.744
7e0Oca4CWBKbMNCBqnpEg1,Groove Back,J.Y. Park,0.0245,0.727,0.95,0,6,0.0927,-3.227,0,0.0785,105.934,4,212054,0.927
3IjsvJc4SK3PT0SjhHKuvB,CASE 143 -Japanese ver.-,Stray Kids,0.076,0.654,0.872,0,8,0.0221,-2.962,0,0.316,199.936,4,191965,0.706
1ZLrDPgR7mvuTco3rQK8Pk,Way Back Home (feat. Conor Maynard) - Sam Feldt Edit,SHAUN,0.269,0.737,0.747,0,10,0.219,-4.818,1,0.0323,105.943,4,192453,0.447
73pkbP4GqAPcY4dPKntuy6,WE ARE JAPANESE GOBLIN,aliceintheskies,0.334,0.599,0.974,0.0363,11,0.487,-2.213,1,0.16,179.947,4,86608,0.965
6ZOMLey4LUVR1BFy6zrBtH,アイドルライフスターターパック,iLiFE!,0.0463,0.553,0.982,0,1,0.348,-4.745,1,0.0662,94.951,4,230961,0.61
69xohKu8C1fsflYAiSNbwM,Run BTS,BTS,0.0201,0.724,0.818,0,8,0.0358,-3.747,1,0.168,77.004,4,204940,0.696
1iIhGHzzrzqQfuNkFI2qAn,Any song,ZICO,0.118,0.874,0.787,0,10,0.11,-2.416,0,0.129,108.007,4,227227,0.896
3rP1vFt5QvkcdUoYqQXl06,DARARI - KR ver.-,TREASURE,0.503,0.63,0.634,0,0,0.0704,-7.105,1,0.0401,85.014,4,220716,0.552
0Er9o2H59VVOmgMB4VG4fk,Should Not Love You,DINDIN,0.311,0.691,0.779,0,5,0.229,-3.327,0,0.0471,86.533,4,219813,0.659
6P2IZsIyNVeOl712sFg4lc,Up!,Kep1er,0.0198,0.751,0.929,5.07e-06,6,0.0308,-2.903,1,0.118,124.013,4,192027,0.928
1Cj1YVbvBRCtwCRQAoyD2e,BONBON GiRL,SARM,0.00442,0.504,0.952,0,0,0.261,-2.909,0,0.0995,154.034,4,174741,0.794
7wX3slHtNzP8MrdclUKhUx,夏の迷惑,bokula.,0.00396,0.432,0.907,0,2,0.207,-5.295,1,0.0746,186.964,4,140213,0.837
52R7RgCUe091WWS1RUaElC,She Share Story,Linearwave,0.56,0.865,0.226,0.883,0,0.181,-16.294,1,0.0807,90.023,4,80667,0.741
4N5s8lPTsjI9EGP7K4SXzB,Green Green Grass,George Ezra,0.0695,0.685,0.738,0,8,0.128,-4.413,1,0.0595,112.972,4,167614,0.8
7kEva2rxsNMn07fyfZMRRn,Cure For Me,AURORA,0.0933,0.722,0.764,1.82e-05,6,0.088,-5.86,0,0.0554,115.917,4,201640,0.416
4SqWKzw0CbA05TGszDgMlc,I Love You So,The Walters,0.583,0.575,0.648,0,10,0.115,-4.891,1,0.0358,75.977,4,160240,0.466
0QHEIqNKsMoOY5urbzN48u,Made You Look,Meghan Trainor,0.345,0.838,0.525,1.92e-06,10,0.0771,-3.562,1,0.0665,144.981,4,134256,0.884
4bJygwUKrRgq1stlNXcgMg,All The Things She Said,t.A.T.u.,0.0411,0.603,0.834,0.00609,5,0.105,-5.766,0,0.0417,89.957,4,214440,0.376
1I4lCSP69P74nU3a6Su5L2,Jiggle Jiggle,Duke & Jones,0.458,0.864,0.412,0.00087,1,0.124,-5.886,1,0.273,99.992,4,97209,0.654
68EkhVWIeULhHxcbi1QhzK,World's Smallest Violin,AJR,0.121,0.68,0.697,0,5,0.661,-7.01,1,0.0484,116.033,4,180747,0.684
7uYyhUnxIsSF2LMWUpLs5V,Do It,Ilkay Sencan,0.0812,0.795,0.874,0.0906,1,0.065,-3.502,1,0.0506,108.001,4,210147,0.2
0xbZ86ejZysyNM2V5BY0EI,Marry Me (feat. Toya Wright),Rasheeda,0.0392,0.812,0.502,0.000186,8,0.14,-8.205,1,0.0988,79.021,4,233920,0.4
4QVS8YCpK71R4FsxSMCjhP,Tie Me Down (with Elley Duhé),Gryffin,0.135,0.548,0.839,0,6,0.102,-2.371,1,0.0644,98.932,4,218296,0.314
4F8xzq2XQ82zMBypnQ3gvB,Clap Snap,Icona Pop,0.0464,0.897,0.794,0.0816,1,0.0482,-4.642,1,0.0571,130.01,4,164400,0.569
2omcL2oehAtW1qT9EIc11c,Summer Sax - Original Mix,Oliver Gil,0.000205,0.856,0.772,0.729,7,0.0495,-6.653,1,0.0421,126.038,4,323810,0.39
5RzFJd6W40SDTyZkX6xx45,I Know You Want Me (Calle Ocho),Pitbull,0.0133,0.82,0.731,1.94e-05,9,0.131,-6.02,1,0.159,127.076,4,237120,0.793
3Wrjm47oTz2sjIgck11l5e,Beggin',Måneskin,0.127,0.714,0.8,0,11,0.359,-4.808,0,0.0504,134.002,4,211560,0.589
1SEczkTNrayQq3UJLB1UrX,Симпл димпл поп ит сквиш,M&A,0.0031,0.938,0.567,0.00242,1,0.0754,-6.651,1,0.0699,127.971,4,141094,0.607
7tdItRq5EtabVwyp9bAY1M,Revolution (Vocal Mix),R3hab & NERVO & Ummet Ozcan,0.00157,0.695,0.778,0.098,7,0.103,-3.924,0,0.0363,127.983,4,303711,0.0648
7r4nPsLToVIPdsiEeZKF6Y,Thursday - Nicky Romero Remix,Jess Glynne,0.532,0.739,0.622,0,11,0.0508,-5.382,0,0.0394,119.992,4,217804,0.615
4btlQ4bgfbg0GJ30Xw4lqf,Bon Bon (Extended),Pitbull,0.021,0.883,0.82,0.000366,5,0.0695,-7.49,1,0.138,127.998,4,364887,0.754
3Wu6MhnZuLuzfH5wFC2g9i,Breezeblocks,alt-J,0.117,0.611,0.643,0.00101,5,0.131,-7.372,1,0.037,74.991,4,227080,0.258
3NisElmV2wJ9Irhxpi4Ohy,Ain't Your Girl,Bixel Boys,0.0018,0.804,0.828,0.923,6,0.055,-5.468,0,0.0493,120.001,4,345163,0.409
25GlFJq5QNAXyVgJvCZ4Mf,Heart Don't Stand a Chance,Anderson .Paak,0.173,0.685,0.545,1.44e-05,7,0.237,-6.189,1,0.061,94.061,4,312360,0.506
0qOnSQQF0yzuPWsXrQ9paz,Stereo Hearts (feat. Adam Levine),Gym Class Heroes,0.0319,0.646,0.795,0,9,0.267,-3.293,1,0.0976,89.99,4,210960,0.796
7gY8FAYu5zuOzmPBlOec3L,Magic,One Direction,0.0112,0.643,0.852,0,11,0.0749,-3.763,1,0.0427,134.024,4,184000,0.863
1YLulCkIocAKDTPFths9at,Renai Circulation (English Cover) [2012 TV Size],Lizz Robinett,0.252,0.896,0.555,0.0143,4,0.109,-12.145,1,0.085,120.013,4,91067,0.772
5jkFvD4UJrmdoezzT1FRoP,Rasputin,Boney M.,0.289,0.639,0.893,0.00816,9,0.222,-6.509,1,0.036,126.143,4,351573,0.966
3qGHAKgjQruzj6doKkyEb5,Unlock it (Lock It) - feat. Kim Petras and Jay Park,Charli XCX,0.0585,0.504,0.711,1.83e-05,9,0.382,-5.864,1,0.0452,134.824,4,232933,0.5
3FxPbp05KjMBa4HbhAJTH0,SugarCrash!,ElyOtto,0.53,0.745,0.74,7.37e-05,0,0.0936,-6.558,1,0.097,97.735,4,80118,0.36
1gDEXpspQ9pPluwFsRFigl,Storeulv 2016 (feat. Moberg),BEK & Wallin,0.0404,0.558,0.878,0,6,0.204,-5.029,0,0.222,155.229,4,173875,0.666
4NNo6yFzKvX4HsTcaH6WIU,Salsa Tequila,Anders Nilsen,0.131,0.66,0.907,3.34e-05,6,0.0746,-3.351,1,0.122,127.96,4,199805,0.624
7GJ572zvnU94VZVrj5XRtb,Spirits,The Strumbellas,0.164,0.556,0.658,0,0,0.113,-6.075,1,0.0265,80.529,4,203653,0.787
2Ld2LehpgQNREMxl9LlIzm,"Boom, Boom, Boom, Boom!!",Vengaboys,0.0118,0.801,0.947,0.427,11,0.0248,-4.624,0,0.0387,138.489,4,202583,0.968
77W6VUoJdasCQgjc5DW19q,Wings,Little Mix,0.000673,0.738,0.875,0.000556,7,0.285,-3.141,1,0.127,114.962,4,219733,0.538
4AiGz7pTyLXBHjniRuioaw,Starships,Nicki Minaj,0.135,0.747,0.716,0,11,0.251,-2.457,0,0.075,125.008,4,210627,0.751
3BJiF37kmX4HCfYSO7qBnQ,Laxed – Siren Beat,Jawsh 685,0.0577,0.736,0.62,0.692,0,0.318,-8.481,0,0.11,150.026,4,201990,0.959
6otiaV2fagE3s8IvP6WkwG,I'm Just a Kid,Simple Plan,0.00107,0.527,0.834,0.000102,1,0.0993,-5.531,1,0.0447,110.065,4,198333,0.422
7CHi4DtfK4heMlQaudCuHK,Lose Control,MEDUZA,0.129,0.598,0.526,0,10,0.14,-8.659,0,0.0415,123.935,4,168387,0.529
6YFO3C9RVmPO2wFX4ttjX7,Stereo Love,Edward Maya,0.0367,0.783,0.789,0.00998,9,0.0697,-5.363,1,0.0372,127.045,4,247760,0.34
2XU0oxnq2qxCpomAAuJY8K,Dance Monkey,Tones And I,0.692,0.824,0.588,0.000104,6,0.149,-6.4,0,0.0924,98.027,4,209438,0.513
38tNueqRXsqoYRB0VeFwZd,Choices (Yup),E-40,0.153,0.9,0.604,0.000252,9,0.0914,-7.26,0,0.338,119.969,4,272720,0.265
6LsAAHotRLMOHfCsSfYCsz,If I Can't Have You,Shawn Mendes,0.524,0.692,0.809,0,2,0.147,-4.198,1,0.0602,123.911,4,190800,0.864
7wxqtAEYlz4gwVowjgOTrC,Pitbull Terrier,Die Antwoord,0.00394,0.707,0.632,0.0244,2,0.536,-6.743,1,0.0381,123.97,4,220337,0.369
1CnPYaKxTVb4LWOtiGOm0m,All Time Low,Jon Bellion,0.0584,0.617,0.567,0,0,0.0933,-4.188,1,0.0828,90.246,4,217603,0.505
5gOK3GYmmWvV8UyCpnRY4J,Around the World (La La La La La) - Radio Version,A Touch Of Class,0.119,0.605,0.974,0.00147,9,0.157,-6.182,0,0.0279,131.946,4,215840,0.648
0mUyMawtxj1CJ76kn9gIZK,Bad Day,Daniel Powter,0.448,0.599,0.785,0.00336,3,0.151,-4.013,1,0.0309,140.046,4,233640,0.52
6Jj5jqglkS6Pm1gXo5eiyA,HIP,MAMAMOO,0.0406,0.784,0.726,4.03e-05,3,0.0857,-4.606,0,0.136,138.033,4,195305,0.825
6CPIElpHoPj19Um26NKso7,Mr. Saxobeat,Alexandra Stan,0.0221,0.716,0.923,0.00021,11,0.156,-4.443,0,0.0515,127.033,4,195051,0.775
6AztOaIalPI3efaGIyj3cR,Wicked Wonderland,Tungevaag,0.00461,0.699,0.812,0.0161,6,0.397,-5.772,0,0.135,127.916,4,217270,0.749
4n8JDuLWUnkn1huTL0Y0KC,Coincidance,Handsome Dancer,0.0309,0.931,0.608,4.22e-05,7,0.0497,-8.326,1,0.232,129.981,4,144231,0.831
1X4d6nLZ1HBejhsNOs0b7I,Absolutely Anything,CG5,0.169,0.714,0.892,2.62e-05,5,0.166,-2.253,0,0.365,105.003,4,216912,0.661
21RzyxY3EFaxVy6K4RqaU9,Body,Loud Luxury,0.0476,0.752,0.764,9.44e-05,1,0.0543,-4.399,1,0.038,121.958,4,163216,0.582
3B5UbSndRz907IZhhmUfLi,Count on Me,Bruno Mars,0.851,0.589,0.389,0,0,0.0772,-5.972,1,0.028,89.1,4,197470,0.501
6vaLzesQfBZ5PMBSiMykJs,Count On Me,Connie Talbot,0.488,0.568,0.4,0,1,0.0822,-7.132,1,0.0342,180.01,4,219230,0.687
1oIdcFtf58sZbS7QyZQJ2P,Run Free,Deep Chills,0.202,0.727,0.69,3.27e-06,7,0.414,-4.559,1,0.0345,100.002,4,170562,0.699
6KuqAtoeVzxAYOaMveLNpH,Dura,Daddy Yankee,0.174,0.783,0.84,0,1,0.412,-3.416,1,0.051,95.001,4,200480,0.839
12d9jTa2SqlAAg56OTPWuy,Bow Chicka Wow Wow - House Remix,Hoodfellas,0.154,0.665,0.958,0.301,7,0.104,-5.199,1,0.061,147.02,4,185306,0.801
1EZEvC40BRXZbLwuO0dVaF,Superstar - Miami Classic Mix,Chris Decay,0.0177,0.844,0.633,0.0822,1,0.293,-4.377,0,0.0501,128.003,4,313242,0.888
0ct6r3EGTcMLPtrXHDvVjc,The Nights,Avicii,0.0166,0.527,0.835,0,6,0.249,-5.298,1,0.0433,125.983,4,176658,0.654
2DGa7iaidT5s0qnINlwMjJ,The Spectre,Alan Walker,0.0214,0.654,0.711,0.00191,1,0.0903,-7.437,0,0.0383,127.957,4,193788,0.198
51zbQAG980sUZydmIeHQWk,Time for Tea (Melbourne Swing Mix),11 Acorn Lane,0.332,0.819,0.871,0.00296,9,0.0994,-4.166,1,0.142,128.004,4,172121,0.822
3YB6nCSuFqNiqOvPtAPK9X,Be My Lover,La Bouche,0.00319,0.673,0.842,1.08e-05,1,0.952,-10.171,0,0.0304,134.802,4,241133,0.806
19i1xJlBqQ76shVPdSjDHe,Beautiful Now,Zedd,0.0079,0.628,0.833,1.48e-05,11,0.074,-4.126,0,0.0282,128.003,4,218293,0.56
1XGmzt0PVuFgQYYnV2It7A,Payphone,Maroon 5,0.0188,0.743,0.752,0,4,0.287,-4.813,1,0.0414,110.015,4,231173,0.545
5BRUlCrkTljRTux8BUPUDp,"Taki Taki (with Selena Gomez, Ozuna & Cardi B)",DJ Snake,0.156,0.84,0.805,5.64e-06,11,0.0642,-4.284,1,0.204,96.158,4,212500,0.614
1x5sYLZiu9r5E43kMlt9f8,Symphony (feat. Zara Larsson),Clean Bandit,0.259,0.707,0.629,1.6e-05,0,0.138,-4.581,0,0.0563,122.863,4,212459,0.457
7qiZfU4dY1lWllzX7mPBI3,Shape of You,Ed Sheeran,0.581,0.825,0.652,0,1,0.0931,-3.183,0,0.0802,95.977,4,233713,0.931
1HOlb9rdNOmy9b1Fakicjo,#SELFIE,The Chainsmokers,0.0135,0.789,0.916,8.09e-06,0,0.077,-3.262,1,0.249,127.956,4,183750,0.658
1li2UA33w6LQcVXt4Di5UA,Witch Doctor - Radio Mix,Cartoons,0.0846,0.873,0.928,8.57e-05,0,0.129,-6.445,1,0.0476,136.046,4,187533,0.968
4fkM7M4Uo5AUASnnsRC7EZ,Not Your Barbie Girl,Ava Max,0.103,0.745,0.642,0,6,0.0335,-4.138,0,0.0506,120.063,4,186520,0.35
3MOECVkNshqHYTPt5DZcdN,Five More Hours,Deorro,0.0288,0.699,0.883,0,5,0.817,-3.226,0,0.219,127.961,4,211975,0.499
5wojyanOP6dtCtOMjcxI1i,Pump,Valentino Khan,0.00188,0.806,0.945,0.811,6,0.0662,-2.378,1,0.0482,127.984,4,183750,0.696
12mGwph2YzDIlChtq3EdXP,Alone,Marshmello,0.0244,0.636,0.953,0.0164,2,0.108,-3.74,1,0.0353,142.011,4,273803,0.397
3RoowT8t51GJFWWMjY3Sbn,Stay Young - Original Mix,Darren Styles,0.000445,0.558,0.956,0.417,5,0.0992,-2.619,0,0.0837,170.003,4,276706,0.294
5LZQ5s0kRZS9nBSd1xLK7U,Trndsttr (feat. M. Maggie) - Lucian Remix,Black Coast,0.354,0.794,0.476,0.00307,2,0.332,-4.337,0,0.0558,129.827,4,179658,0.471
1kPpge9JDLpcj15qgrPbYX,Good Time,Owl City,0.0239,0.56,0.872,6.98e-06,3,0.371,-4.269,1,0.14,126.05,4,205933,0.682
5BIjJP1zlOa3iY65RSkXkr,Nevada (feat. Cozi Zuehlsdorff),Vicetone,0.299,0.605,0.783,0.000175,3,0.133,-4.271,1,0.0324,124.015,4,208562,0.105
3NxuezMdSLgt4OwHzBoUhL,Way Back Home,SHAUN,0.405,0.745,0.739,0.000183,10,0.127,-4.591,1,0.0327,99.913,4,214137,0.556
2lYTJK94hb0fd1LQtb6Dhk,Don't Leave Me Alone (feat. Anne-Marie),David Guetta,0.118,0.659,0.738,0,4,0.115,-5.072,0,0.0477,127.95,4,183750,0.481
1MBtNXoT6cXrrSstG07Lf7,Can't Take It From Me (feat. Skip Marley),Major Lazer,0.0377,0.606,0.847,7.95e-06,11,0.14,-6.292,1,0.0975,144.936,4,175867,0.503
5ubwXXOsH9bUhZsQ0Cybha,Level Up,Ciara,0.0142,0.746,0.825,0.0107,1,0.121,-4.666,1,0.169,152.914,4,204150,0.584
1jawdq1kTs1oB28bI4TLa5,I Need Your Love (feat. Ellie Goulding),Calvin Harris,0.401,0.694,0.871,0,8,0.232,-5.066,1,0.0481,124.985,4,234507,0.588
1NDxZ7cFAo481dtYWdrUnR,Pretty Girl - Cheat Codes X CADE Remix,Maggie Lindemann,0.15,0.703,0.868,0.132,7,0.104,-4.661,0,0.0291,121.03,4,193613,0.733
7K9Z3yFNNLv5kwTjQYGjnu,#BrooklynBloodPop!,SyKo,0.0164,0.691,0.814,0,1,0.366,-3.788,0,0.117,132.012,4,145611,0.509
67BtfxlNbhBmCDR2L2l8qd,MONTERO (Call Me By Your Name),Lil Nas X,0.297,0.61,0.508,0,8,0.384,-6.682,0,0.152,178.818,4,137876,0.758
3YG1rmBwFoXLAX1TpQijT6,Take A Slice,Glass Animals,0.0215,0.623,0.661,0.000289,9,0.267,-7.0,1,0.099,151.968,4,229718,0.636
3qonjOrhFCfTnaaMruHzxW,Dangerously,Charlie Puth,0.364,0.696,0.517,0,2,0.197,-8.379,0,0.0366,112.291,3,199133,0.23
1ULdASrNy5rurl1TZfFaMP,Spicy,aespa,0.0138,0.757,0.898,0,11,0.0703,-1.247,0,0.0667,114.949,4,197040,0.842
6AQbmUe0Qwf5PZnt4HmTXv,Boy's a Liar Pt. 2,PinkPantheress,0.252,0.696,0.809,0.000128,5,0.248,-8.254,1,0.05,132.962,4,131013,0.857
0mBP9X2gPCuapvpZ7TGDk3,Left and Right (Feat. Jung Kook of BTS),Charlie Puth,0.619,0.881,0.592,1.32e-05,2,0.0901,-4.898,1,0.0324,101.058,4,154487,0.719
6jdwbcH788txYS6Doy1F1j,Step Back!,1nonly,0.185,0.783,0.89,0.00417,1,0.0969,-5.995,1,0.2,127.996,4,150675,0.437
3AVXwaOGCEL8cmBecfcsFJ,Light Switch,Charlie Puth,0.105,0.69,0.626,0.000335,6,0.0881,-5.693,1,0.306,184.009,4,185681,0.912
4pH8cIlMI9NrTWcDiQbuRe,Miss You - Sped Up Version,Oliver Tree,0.0141,0.527,0.66,0.0185,0,0.156,-10.692,1,0.0877,173.979,4,171702,0.283
3jiKUMXqwEodB7gVv1RMZU,After Last Night (with Thundercat & Bootsy Collins),Bruno Mars,0.0297,0.651,0.703,0,0,0.0608,-8.958,0,0.0816,140.051,4,249444,0.647
7nDdxPUC5LbxmspeqkOzt8,imagine if,gnash,0.568,0.907,0.452,0,8,0.244,-6.673,1,0.187,92.063,4,197216,0.691
1PckUlxKqWQs3RlWXVBLw3,About Damn Time,Lizzo,0.0995,0.836,0.743,0,10,0.335,-6.305,0,0.0656,108.966,4,191822,0.722
3FeVmId7tL5YN8B7R3imoM,My Universe,Coldplay,0.00813,0.588,0.701,0,9,0.2,-6.39,1,0.0402,104.988,4,228000,0.443
0nJW01T7XtvILxQgC5J7Wh,When I Was Your Man,Bruno Mars,0.932,0.612,0.28,0,0,0.088,-8.648,1,0.0434,72.795,4,213827,0.387
0FEXQUgIG0X2rhdT3nuQ3M,Good Day,Jake Scott,0.0913,0.77,0.494,0,0,0.111,-5.487,1,0.0425,84.99,4,173984,0.585
2rmwqU7yzTvzkiaRV53DpT,2 Be Loved (Am I Ready),Lizzo,0.0922,0.721,0.769,0,7,0.0817,-4.111,1,0.105,155.932,4,187108,0.915
6bQfNiqyCX7UaQSvVVGo4I,Shivers,Ed Sheeran,0.281,0.788,0.859,0,2,0.0424,-2.724,1,0.0856,141.02,4,207853,0.822
2tOtU8EJ8SOXKAGKJ1XlYh,Vandalize,ONE OK ROCK,0.0122,0.591,0.892,0,10,0.206,-4.865,1,0.0527,133.998,4,194696,0.555
751srcHf5tUqcEa9pRCQwP,Tek It,Cafuné,6.53e-05,0.423,0.913,0,8,0.269,-5.354,1,0.0655,146.995,4,191823,0.596
2TktkzfozZifbQhXjT6I33,Evergreen (You Didn’t Deserve Me At All),Omar Apollo,0.598,0.697,0.336,0.00528,9,0.107,-10.395,1,0.0424,82.029,3,216680,0.31
78qd8dvwea0Gosb6Fe6j3k,Boss Bitch,Doja Cat,0.127,0.707,0.955,0,10,0.202,-4.593,0,0.222,125.989,4,134240,0.575
4uUG5RXrOk84mYEfFvj3cK,I'm Good (Blue),David Guetta,0.00383,0.561,0.965,7.07e-06,7,0.371,-3.673,0,0.0343,128.04,4,175238,0.304
5HOpkTTVcmZHnthgyxrIL8,The Fox (What Does the Fox Say?),Ylvis,0.107,0.703,0.867,0,6,0.119,-4.292,1,0.0453,128.008,4,213708,0.546
3Z7CaxQkqbIs1rewKi6v4W,Hot In It,Tiësto,0.00445,0.748,0.841,1.33e-06,7,0.0413,-5.08,1,0.177,123.045,4,129817,0.717
2W3ZpQg9i6lE6kmHbcdu9N,Cracker Island (feat. Thundercat),Gorillaz,0.00343,0.741,0.913,0.103,2,0.325,-3.34,0,0.0465,120.012,4,213750,0.643
1rDQ4oMwGJI7B4tovsBOxc,First Class,Jack Harlow,0.0254,0.905,0.563,9.71e-06,8,0.113,-6.135,1,0.102,106.998,4,173948,0.324
4QtiVmuA88tPQiCOHZuQ5b,"1, 2, 3 (feat. Jason Derulo & De La Ghetto)",Sofía Reyes,0.165,0.792,0.895,0,1,0.0501,-3.112,0,0.0589,94.968,4,201526,0.794
2UcK3xgGDxPSyKzKqyPv0s,Girl in the Mirror,Bebe Rexha,0.0615,0.748,0.69,0,2,0.296,-3.053,1,0.0352,106.966,4,158066,0.513
75FEaRjZTKLhTrFGsfMUXR,Running Up That Hill (A Deal With God),Kate Bush,0.72,0.629,0.547,0.00314,10,0.0604,-13.123,0,0.055,108.375,4,298933,0.197
1ei3hzQmrgealgRKFxIcWn,In The Stars,Benson Boone,0.338,0.362,0.54,0,10,0.139,-6.031,1,0.0528,78.007,3,216410,0.3
40SBS57su9xLiE1WqkXOVr,Afraid To Feel,LF SYSTEM,0.0166,0.578,0.912,0.00362,1,0.273,-3.929,1,0.114,127.87,4,177525,0.68
7mFj0LlWtEJaEigguaWqYh,Sweetest Pie,Megan Thee Stallion,0.167,0.814,0.628,0,7,0.101,-7.178,1,0.221,123.977,4,201334,0.677
5uFqjHOo3Sh0bVPCKf3DdH,Illusion,aespa,0.0814,0.75,0.718,1.75e-05,2,0.322,-2.817,0,0.0468,90.027,4,195053,0.592
6bTbMMEShyGyrcuIwtBlpA,Living Hell,Bella Poarch,0.598,0.729,0.551,0,0,0.176,-6.935,0,0.056,124.044,4,174002,0.312
6xGruZOHLs39ZbVccQTuPZ,Glimpse of Us,Joji,0.891,0.44,0.317,4.78e-06,8,0.141,-9.258,1,0.0531,169.914,3,233456,0.268
2mgzUVvDpb1zMSB4glLQ6T,Life's Too Short (English Version),aespa,0.289,0.472,0.8,0,0,0.149,-3.681,1,0.265,72.203,4,178133,0.548
0tFUl3tPqBzUM2aV0gitdq,Dolls,Bella Poarch,0.211,0.841,0.698,0,4,0.203,-6.588,0,0.261,118.018,4,132793,0.372
0aT3fTNiqk3B3NKEMmNjuL,Jusagroove,CHIC,0.00082,0.802,0.83,0.227,9,0.0466,-8.483,1,0.0496,113.947,4,222400,0.767
25sgk305KZfyuqVBQIahim,Sweet but Psycho,Ava Max,0.0691,0.719,0.704,0,1,0.166,-4.724,1,0.0476,133.002,4,187436,0.628
1rqqCSm0Qe4I9rUvWncaom,High Hopes,Panic! At The Disco,0.193,0.579,0.904,0,5,0.064,-2.729,1,0.0618,82.014,4,190947,0.681
6M4jdLdM7wLGungMV9gsCS,Smokin Out The Window,Bruno Mars,0.0558,0.627,0.618,0,2,0.351,-8.529,1,0.0437,82.03,4,197443,0.848
3RpFwqdROrxJvHywpT1pJ4,Renegades,ONE OK ROCK,0.00108,0.534,0.842,0.000321,5,0.117,-4.279,0,0.0567,153.946,4,244538,0.342
2UN0lp72LAusrXi8LLVomt,2step (feat. Lil Baby),Ed Sheeran,0.138,0.693,0.643,0,4,0.108,-5.867,0,0.0828,95.055,4,163450,0.477
2JzZzZUQj3Qff7wapcbKjc,See You Again (feat. Charlie Puth),Wiz Khalifa,0.369,0.689,0.481,1.03e-06,10,0.0649,-7.503,1,0.0815,80.025,4,229526,0.283
37R0bQOQj5a7DOqh1TGzvB,One Call Away,Charlie Puth,0.403,0.667,0.613,0,1,0.115,-5.353,1,0.0344,91.024,4,194453,0.47
1UNs8AlFM8c0uAkSyjIW3P,Girlfriend,Charlie Puth,0.18,0.758,0.583,5.12e-05,1,0.107,-6.361,1,0.0421,97.537,4,177438,0.797
18asYwWugKjjsihZ0YvRxO,The Motto,Tiësto,0.0301,0.754,0.763,2.23e-05,7,0.0901,-4.627,0,0.0435,117.953,4,164819,0.464
4KNk5VS4bR4nUVvnJwVmUE,Baby,Charli XCX,0.139,0.779,0.859,0.0472,5,0.093,-1.572,0,0.0364,128.04,4,159920,0.904
39LLxExYz6ewLAcYrzQQyP,Levitating,Dua Lipa,0.0561,0.695,0.884,0,6,0.213,-2.278,0,0.0753,103.014,4,203808,0.914
06KyNuuMOX1ROXRhj787tj,We Don't Talk Anymore (feat. Selena Gomez),Charlie Puth,0.621,0.728,0.563,0,1,0.179,-8.053,0,0.134,100.017,4,217707,0.352
6lknMmJZALXxx7emwwZWLX,Frozen,Madonna,0.267,0.706,0.633,0.0192,1,0.175,-9.584,1,0.0419,110.005,4,120157,0.375
3sYZo4HrHX8tkul5FhUpVo,"RIP, Love",Faouzia,0.00641,0.595,0.583,2.85e-06,2,0.325,-7.915,0,0.0346,100.018,4,173942,0.422
1jIMjbzcGCcCQn5iMu9CUc,That's Hilarious,Charlie Puth,0.742,0.714,0.442,0,6,0.114,-5.909,1,0.0605,108.039,4,146855,0.546
4WghJOMjDpGdlk3b8aJIgy,up at night (feat. justin bieber),Kehlani,0.196,0.563,0.756,0,0,0.245,-3.852,0,0.0579,100.012,4,182227,0.234
4ptkeTVRe0rHy3JoIdpEUL,Let Me Let You Go - International Version,ONE OK ROCK,0.00804,0.533,0.831,0,5,0.0975,-3.696,1,0.0609,96.091,4,180212,0.741
4icnlpI5IbZcRO9mpixVVW,Where You Are (feat. WILLOW),PinkPantheress,0.0965,0.689,0.872,0.000498,0,0.117,-4.786,1,0.0477,134.994,4,153706,0.362
6tTeRmhhuwDl5Y4UiJdHuO,attention,Omah Lay,0.172,0.817,0.72,0.000726,5,0.109,-8.134,0,0.0809,119.989,4,180563,0.384
6PQ88X9TkUIAUIZJHW2upE,Bad Habits,Ed Sheeran,0.0469,0.808,0.897,3.14e-05,11,0.364,-3.712,0,0.0348,126.026,4,231041,0.591
7MAibcTli4IisCtbHKrGMh,Leave The Door Open,Bruno Mars,0.182,0.586,0.616,0,5,0.0927,-7.964,1,0.0324,148.088,4,242096,0.719
0hVXuCcriWRGvwMV1r5Yn9,I Don't Care (with Justin Bieber),Ed Sheeran & Justin Bieber,0.0902,0.798,0.676,0,6,0.0894,-5.041,1,0.0442,101.956,4,219947,0.843
0VzBKgimNRMauaqzT2rEnS,Go Down Deh (feat. Shaggy and Sean Paul),Spice,0.12,0.817,0.8,3.9e-05,2,0.187,-4.475,1,0.108,90.016,4,154667,0.534
6YZwJSMNL7hB4ItxZtn7jx,Psycho,Maisie Peters,0.613,0.562,0.765,0,3,0.0774,-2.967,1,0.21,118.879,4,184640,0.707
6WrI0LAC5M1Rw2MnX2ZvEg,Don't Start Now,Dua Lipa,0.0125,0.794,0.793,0,11,0.0952,-4.521,0,0.0842,123.941,4,183290,0.677
1wVuPmvt6AWvTL5W2GJnzZ,Talking to the Moon,Bruno Mars,0.511,0.498,0.59,0,1,0.107,-4.721,0,0.032,145.867,4,217867,0.0784
5sNFmrc2sbS3LZ4WNxHFej,あーあ。,ReN,0.208,0.636,0.509,0,1,0.108,-8.079,1,0.0639,169.896,4,168762,0.379
55h7vJchibLdUkxdlX3fK7,Treasure,Bruno Mars,0.0412,0.874,0.692,7.24e-05,5,0.324,-5.28,0,0.0431,116.017,4,178560,0.937
1j4hUdpOJd5qIXN3LJeHjj,Closer (feat. H.E.R.),Saweetie,0.124,0.836,0.698,3.28e-05,6,0.152,-5.801,1,0.118,110.981,4,168873,0.88
0KQRhak4Irr2CKxgQ9U6ay,MEAN!,Madeline The Person,0.912,0.502,0.416,0,7,0.0934,-9.504,1,0.433,175.191,3,143960,0.433
5FUU4A7OkQWMN3SW6RcXCt,No Man's Land (feat. Grimes),Bella Poarch,0.246,0.85,0.672,0,5,0.718,-4.817,0,0.0388,105.998,4,128873,0.606
6wL9pSXJ4roDSEoBpYyQy7,Bobo,Aya Nakamura,0.248,0.877,0.356,0.000274,9,0.2,-8.749,0,0.188,109.932,5,187873,0.536
5jYEiTNR3FQXFouTX7Ju0N,Socadona,LUDMILLA,0.0221,0.789,0.823,0.0148,2,0.0188,-5.341,1,0.0667,128.991,4,186000,0.891
0ofHAoxe9vBkTCp2UQIavz,Dreams - 2004 Remaster,Fleetwood Mac,0.0644,0.828,0.492,0.00428,0,0.128,-9.744,1,0.0276,120.151,4,257800,0.789
7aonAWn0J0AJ47ZU9WHCXC,INFERNO,Sub Urban,0.0766,0.82,0.611,2.5e-05,9,0.0684,-5.02,0,0.122,127.883,4,133134,0.637
5Qy8Dp7naCIPa7Z2ZTe2TV,Wonder - International Version,ONE OK ROCK,0.00262,0.452,0.961,0.000202,4,0.116,-4.195,1,0.0578,160.047,4,227330,0.465
0939D7aT18uBDS2MTjWzct,Higher Power,Coldplay,0.00711,0.507,0.828,2.44e-05,10,0.261,-6.023,1,0.0449,178.032,4,211295,0.489
3Ofmpyhv5UAQ70mENzB277,Astronaut In The Ocean,Masked Wolf,0.175,0.778,0.695,0,4,0.15,-6.865,0,0.0913,149.996,4,132780,0.472
6ON9qDoT2beR9dQ0evOOj1,Banana (feat. Shaggy),Conkarah,0.0582,0.856,0.834,0,8,0.0721,-4.012,1,0.245,95.056,4,184421,0.824
76nqCfJOcFFWBJN32PAksn,Kings & Queens,Ava Max,0.00775,0.638,0.688,0,1,0.126,-4.056,0,0.0407,129.856,4,162399,0.434
386RUes7n1uM1yfzgeUuwp,The Lazy Song,Bruno Mars,0.3,0.794,0.711,0,8,0.0955,-5.124,0,0.0699,174.915,4,189109,0.955
2y8iBf0QRqCKFtePi9Rl2H,Why Do You Love Me,Charlotte Lawrence,0.28,0.81,0.305,0.000116,8,0.203,-6.165,0,0.0902,120.013,4,171908,0.732
2rjjNUYONZqC7wSd1i6OFq,Good as Hell (feat. Ariana Grande),Lizzo,0.298,0.668,0.892,0,5,0.735,-3.001,0,0.0645,95.927,4,159011,0.478
6YdQgWSpsxhVeX6Xmv3IFJ,Cuz I Love You,Lizzo,0.0156,0.566,0.66,0,1,0.234,-4.039,1,0.0479,162.159,3,179979,0.52
02MWAaffLxlfxAUY7c5dvx,Heat Waves,Glass Animals,0.44,0.761,0.525,6.7e-06,11,0.0921,-6.9,1,0.0944,80.87,4,238805,0.531
0rXtV4L8uQ7KHNxxKd2jGZ,Think About You,Joosiq,0.673,0.745,0.567,0,10,0.171,-4.888,1,0.0341,92.033,4,212609,0.806
0U321yFgfVH4a1oxuvcKov,Never Be Us,HRVY,0.242,0.679,0.852,0,9,0.127,-5.55,0,0.0975,120.055,4,164107,0.612
2USlegnFJLrVLpoVfPimKB,Thunder,Gabry Ponte,0.0342,0.67,0.896,3.21e-05,1,0.344,-4.673,1,0.058,101.216,3,160000,0.403
7hCNBVRhHzcsRAv0TQnOzq,Runaway Baby,Bruno Mars,0.263,0.658,0.762,0,10,0.127,-3.028,0,0.0425,163.864,4,148448,0.823
4eX0CeNSZpa6ltSZvRDUgW,Augustus Gloop,Danny Elfman,0.125,0.411,0.577,0.034,9,0.0763,-11.742,0,0.377,93.269,4,190093,0.516
5vGLcdRuSbUhD8ScwsGSdA,Whoopty,CJ,0.2,0.719,0.648,0,3,0.127,-7.6,0,0.125,140.201,4,123263,0.66
2rRYLsL32JRntFiV88uxrl,スカーレット警察のゲットーパトロール24時,IOSYS,0.109,0.618,0.924,0.00632,8,0.292,-4.481,1,0.164,160.023,4,289000,0.722
69cP1CPNEmnz4pQbdiGF3D,GAL,OHAYO,0.00627,0.859,0.496,0,8,0.157,-6.822,1,0.221,154.982,4,173448,0.654
5VTMisXntg23Tv7J9arelk,ブンブン!!,PAIN,0.0505,0.864,0.871,0,7,0.0701,-5.033,1,0.117,92.474,4,132000,0.344
5sCATdnR2mWbHgdmIXBFHa,See Tình - Speed Up Version,Hoàng Thùy Linh,0.529,0.812,0.902,0.118,0,0.159,-4.252,1,0.0463,125.282,4,142105,0.851
0SsekUrLdY05yZ2kftnkIm,Se Acabo (feat. Method Man) - Remix,The Beatnuts,0.167,0.936,0.529,0,6,0.328,-6.527,0,0.297,96.979,4,208427,0.907
5b7tmdFGRd104kbzG2HMLm,毒きのこの曲,0am,0.11,0.904,0.604,0.000362,7,0.275,-7.759,1,0.199,101.921,4,156618,0.417
2yq3M3snnyltENYlYw8c8B,PONPONPON,Kyary Pamyu Pamyu,0.0469,0.634,0.988,0.000684,4,0.495,-0.201,1,0.043,128.022,4,242827,0.91
2cQyipGn0DEXYLgoeIwRFe,Reggae & Calypso (Russ Millions x Buni x YV x CH (GMD) x SwitchOTR x Gazo x RoseReal) - Remix,Russ Millions,0.384,0.763,0.793,0,1,0.319,-5.363,1,0.284,141.146,4,192340,0.906
3bbIIVIwBoLqVcLebiEJFo,のびしろ,Creepy Nuts,0.252,0.669,0.928,0,11,0.0686,-2.926,0,0.0699,174.004,4,236840,0.963
4MiBwKMhUnAqNejrUCJVT4,愛とか恋とか,Novelbright,0.698,0.697,0.556,0,6,0.0991,-5.089,1,0.0364,89.987,4,232453,0.404
0TQpPhA1OBrVGIfaKShRrx,だいしきゅーだいしゅき,femme fatale,0.00559,0.58,0.99,0.000247,1,0.0683,-0.444,1,0.0426,95.025,4,210316,0.835
4OL2UHjasZp21Z1c2htqPj,ねぇ,YOAKE,0.0769,0.531,0.761,0,0,0.111,-6.434,1,0.0426,171.038,4,200702,0.962
2Kpsws23Oqf0wFwPrzJnWA,正しくなれない,ZUTOMAYO,0.0371,0.609,0.66,9.59e-06,5,0.128,-3.937,1,0.037,118.868,4,241568,0.487
24UeVxRQCinBJtTwWT1158,だいじょばない,Perfume,0.0386,0.564,0.982,0.844,1,0.129,-1.992,0,0.0455,128.008,4,184040,0.868
2pD1Smkp93TSJy3nwsv6gn,これからのこと,ケプラ,0.00436,0.496,0.622,0,10,0.177,-4.358,1,0.0587,179.91,4,238832,0.88
0O4YelF6Zneq7sk1Ye73N2,キャラクター,Ryokuoushoku Shakai,0.15,0.65,0.913,0,5,0.345,-2.147,1,0.0758,124.025,4,249427,0.594
3JRvXMrzcNbQvUzgz09a8z,熱愛105Cの君へ Super Idol (JPN),Kitsui Akira,0.535,0.677,0.441,0,1,0.205,-9.16,1,0.0409,136.97,4,194091,0.586
6fAwL9AoOdXVkYML3zs9Mn,せんせー,THIS IS NATS,0.637,0.873,0.564,0.000765,2,0.0488,-7.209,1,0.0456,100.006,4,95247,0.962
20vVP4S9HZDW9nxYNsGlFO,悪魔のキッス,悪魔のキッス(戦慄かなの&かてぃ),0.00722,0.766,0.817,0,4,0.0564,-3.153,0,0.102,167.995,4,218433,0.823
2vAtN2fB1zqTzfPGxqHmyO,グッドな音楽を,neguse.,0.00281,0.601,0.811,0,9,0.188,-1.824,1,0.0322,136.067,4,215093,0.875
3hnc4KOBcUB6bC7gGwlBPG,愛を伝えたいだとか,Aimyon,0.0345,0.673,0.85,1.14e-05,2,0.0943,-5.021,1,0.0337,100.008,4,235241,0.793
3SCYoExLpDn73Vuo3jM79i,Sugarless GiRL,CAPSULE,0.00682,0.599,0.99,5e-05,6,0.0602,-1.597,0,0.0431,129.491,4,249640,0.902
56kfw7CKOCgcYqaoDU5o0B,I’m not myself when I’m around you (Feat. 10CM),DINDIN,0.482,0.768,0.517,0,1,0.0844,-5.839,1,0.0573,113.03,4,211200,0.627
5rIsrawNyPv1q8v11iwJsh,Mansae,SEVENTEEN,0.0547,0.749,0.955,0,7,0.112,-1.767,1,0.0867,111.96,4,186875,0.761
2YaWdN5tieE4Ntorawbbvq,異世界混合大舞踏会 (feat. おばけ),Gen Hoshino,0.0142,0.829,0.751,0.014,11,0.0414,-4.937,0,0.0645,129.993,4,225533,0.96
7DtGPr9b6rKfi7tNrjRbX8,FRIEND,重盛さと美,0.127,0.77,0.665,1.53e-06,1,0.0589,-7.695,0,0.374,181.084,4,191063,0.83
1KhHEmmyNROY3Cndh6Xd4d,推し変なんて許さない!,可憐なアイボリー,0.0488,0.522,0.98,0,1,0.28,-3.028,0,0.0545,180.116,4,214280,0.589
7KL2tqBydTrRUQh2wwKykq,あなたのことが好きだなんて言えないんです。,kobasolo,0.346,0.676,0.809,3.65e-06,2,0.311,-3.786,1,0.029,128.046,4,276915,0.884
6mHZYuJSurWBl6ne142xiz,MOTTAI,P丸様｡,0.147,0.855,0.917,0.0394,8,0.0637,-3.665,1,0.193,143.985,4,160520,0.953
3B4Rxj4UItYuHyppE8S0gU,overdose,CIKI,0.832,0.737,0.492,0.00015,6,0.301,-10.197,1,0.0456,90.984,4,255808,0.702
5G38KxyH8NNjV3ZkrfOmB8,チグハグ,THE SUPER FRUIT,0.000159,0.48,0.878,7.81e-06,5,0.101,-4.414,1,0.0601,170.061,4,211639,0.884
7FaArVLHS3aEqfhAishhk7,Greatest Journey,HIRAIDAI,0.255,0.661,0.824,0,6,0.37,-4.412,1,0.0681,154.955,4,178865,0.768
5p60RKa26wTuUbEYRraE1r,XOXO,Repezen Foxx,0.207,0.779,0.789,0,10,0.354,-8.656,1,0.0411,125.034,4,149024,0.336
4tCtwWceOPWzenK2HAIJSb,Work from Home (feat. Ty Dolla $ign),Fifth Harmony,0.103,0.803,0.585,3.94e-06,8,0.0644,-5.861,1,0.0432,105.017,4,214480,0.593
6T7FXSuXykeGktMLGp8WgE,All My Life (feat. J. Cole),Lil Durk,0.0449,0.787,0.57,0,3,0.135,-5.881,1,0.225,142.974,4,223879,0.733
4h4QlmocP3IuwYEj2j14p8,Sunroof,Nicky Youre,0.352,0.768,0.714,0,10,0.15,-5.11,1,0.0401,131.443,4,163026,0.842
6dgUya35uo964z7GZXM07g,Nonsense,Sabrina Carpenter,0.0268,0.74,0.697,0,8,0.224,-4.912,1,0.034,138.992,4,163648,0.732
4vkVvmjIiQibQ6zJnC1Q9z,Sucker for You,Matt Terry,0.218,0.874,0.649,0,0,0.337,-4.385,1,0.0833,95.004,4,203813,0.712
6FE2iI43OZnszFLuLtvvmg,Classic,MKTO,0.0384,0.72,0.791,0,1,0.157,-4.689,1,0.124,102.071,4,175427,0.756
3JTjLyrnevl9ASw3ayGO2P,GUY.exe,Superfruit,0.0305,0.77,0.732,0,4,0.157,-4.601,0,0.0508,110.011,4,222680,0.889
2YpeDb67231RjR0MgVLzsG,Old Town Road - Remix,Lil Nas X,0.0533,0.878,0.619,0,6,0.113,-5.56,1,0.102,136.041,4,157067,0.639
3QFbOgWOqXEtOD02FMcX7K,"Give Me Everything (feat. Ne-Yo, Afrojack & Nayer)",Pitbull,0.161,0.673,0.934,0,3,0.279,-3.206,1,0.156,129.027,4,252307,0.485
3qAuNCammYHsIoU83qyGyu,Earth Defense Force,Emetsound,0.0203,0.882,0.94,0.941,11,0.0217,-2.621,0,0.0455,128.019,4,140508,0.745
31fMJwgrgNdk1IbWZEchX2,Love You Still (abcdefu romantic version),Tyler Shaw,0.739,0.712,0.0784,0,4,0.107,-19.067,1,0.0544,121.443,4,150174,0.642
0fVDu1evgjX9CFD0cmuRrM,last day on earth,Tai Verdes,0.413,0.494,0.553,4.17e-05,5,0.218,-5.57,1,0.197,82.061,4,172756,0.359
1oHClQEgDmmbcEx12Kc5nZ,4 Minutes (feat. Justin Timberlake & Timbaland),Madonna,0.00994,0.753,0.931,0.00696,2,0.234,-4.922,1,0.0652,113.029,4,189693,0.767
4LRPiXqCikLlN15c3yImP7,As It Was,Harry Styles,0.342,0.52,0.731,0.00101,6,0.311,-5.338,0,0.0557,173.93,4,167303,0.662
45h4cCw7ccsRXb0Orle2an,Problem (Ariana Grande Cover),Pentatonix,0.13,0.721,0.632,5.92e-06,11,0.106,-8.721,0,0.0785,108.099,4,148747,0.722
5vUnjhBzRJJIAOJPde6zDx,TO THE MOON,JNR CHOI,0.0451,0.745,0.65,0.00758,2,0.111,-11.814,1,0.346,144.047,4,152137,0.386
0JXXNGljqupsJaZsgSbMZV,Sure Thing,Miguel,0.0267,0.684,0.607,0.000307,11,0.191,-8.127,0,0.1,81.001,4,195373,0.498
4jRhf3Ut6qLfOudvcJjXJO,Heartbreak Heard Around the World (feat. T-Pain),Jacob Latimore,0.077,0.63,0.753,0,4,0.215,-6.301,1,0.0532,91.973,4,180159,0.568
3cHyrEgdyYRjgJKSOiOtcS,Timber (feat. Ke$ha),Pitbull,0.0295,0.581,0.963,0,11,0.139,-4.087,1,0.0981,129.992,4,204160,0.788
3Dq2FHZ73hBUG815MoapQu,"Men In Black - From ""Men In Black"" Soundtrack",Will Smith,0.092,0.8,0.586,0.00115,5,0.109,-8.396,0,0.066,107.543,4,225360,0.686
5BrTUo0xP1wKXLJWUaGFtk,Loyal (feat. Lil Wayne & Tyga),Chris Brown,0.0168,0.841,0.522,1.37e-06,10,0.188,-5.963,0,0.049,99.059,4,264947,0.616
4RVtBlHFKj51Ipvpfv5ER4,Drown (feat. Clinton Kane),Martin Garrix,0.212,0.573,0.739,0,9,0.175,-5.455,1,0.0581,120.077,4,174062,0.363
27NovPIUIRrOZoCHxABJwK,INDUSTRY BABY (feat. Jack Harlow),Lil Nas X,0.0203,0.736,0.704,0,3,0.0501,-7.409,0,0.0615,149.995,4,212000,0.894
748mdHapucXQri7IAO8yFK,Kiss Me More (feat. SZA),Doja Cat,0.235,0.762,0.701,0.000158,8,0.123,-3.541,1,0.0286,110.968,4,208867,0.742
73QyyUMMvtNELmULI4FOsp,You for Me,Sigala,0.0481,0.733,0.886,1.81e-06,2,0.191,-1.856,0,0.0426,126.031,4,175435,0.696
6QHXcb0eFwOKZOZ9bOFmxm,Toxic Pony,ALTÉGO,0.00757,0.775,0.652,0.000598,0,0.105,-9.906,1,0.152,143.08,4,198042,0.922
3koCCeSaVUyrRo3N2gHrd8,Let's Groove,"Earth, Wind & Fire",0.121,0.869,0.648,2.17e-05,11,0.126,-8.698,0,0.0633,125.035,4,339320,0.9
3Dv1eDb0MEgF93GpLXlucZ,Say So,Doja Cat,0.264,0.787,0.673,3.35e-06,11,0.0904,-4.583,0,0.159,110.962,4,237893,0.779
3tjFYV6RSFtuktYl3ZtYcq,Mood (feat. iann dior),24kGoldn,0.221,0.7,0.722,0,7,0.272,-3.558,0,0.0369,90.989,4,140526,0.756
4TgxFMOn5yoESW6zCidCXL,Savage Love (Laxed – Siren Beat) [BTS Remix],Jawsh 685,0.16,0.758,0.598,0,0,0.295,-5.695,0,0.0868,149.836,4,184905,0.658
6gBFPUFcJLzWGx4lenP6h2,goosebumps,Travis Scott,0.0847,0.841,0.728,0,7,0.149,-3.37,1,0.0484,130.049,4,243837,0.43
2fQrGHiQOvpL9UgPvtYy6G,Bank Account,21 Savage,0.015,0.884,0.347,7e-06,8,0.0871,-8.227,0,0.35,75.016,4,220307,0.376
2xLMifQCjDGFmkHkpNLD9h,SICKO MODE,Travis Scott,0.00513,0.834,0.73,0,8,0.124,-3.714,1,0.222,155.008,4,312820,0.446
15MTd64KUMG7CF6mOyovsQ,Something Just Like This - Don Diablo Remix,The Chainsmokers,0.125,0.72,0.746,0.000476,11,0.0929,-5.567,0,0.0983,124.039,4,230853,0.511
0k6DnZMLoEUH8NGD5zh2SE,Ayo,Chris Brown,0.0399,0.823,0.563,0,6,0.0851,-5.095,1,0.0443,98.031,4,225227,0.682
6Rb0ptOEjBjPPQUlQtQGbL,Hotel Room Service,Pitbull,0.00705,0.851,0.629,0.000372,1,0.0746,-8.385,1,0.175,125.984,4,237640,0.789
2QtxlzvSBONjs1bDC34ixs,Yeah 3x,Chris Brown,0.000369,0.705,0.882,1.16e-06,11,0.0934,-3.201,0,0.0445,130.0,4,241667,0.7
4ut5G4rgB1ClpMTMfjoIuy,High On Life (feat. Bonn),Martin Garrix,0.0129,0.414,0.486,0,6,0.111,-6.431,0,0.0311,128.038,4,230762,0.368
6YUTL4dYpB9xZO5qExPf05,Summer,Calvin Harris,0.0211,0.596,0.856,0.0178,4,0.141,-3.556,0,0.0346,127.949,4,222533,0.743
7xbWAw3LMgRMn4omR5yVn3,Lose Somebody,Kygo,0.344,0.58,0.586,0,1,0.0755,-6.883,1,0.0357,147.988,4,199549,0.507
2tnVG71enUj33Ic2nFN6kZ,Ride It,Regard,0.177,0.88,0.751,6.43e-05,7,0.106,-4.258,0,0.0874,117.948,4,157606,0.884
5ZyNhSy8yCqqh83F1IDrOk,Waste It On Me (feat. BTS) - W&W Remix,Steve Aoki,0.0139,0.372,0.903,0.002,4,0.649,-3.844,0,0.193,128.087,4,202653,0.33
24Yi9hE78yPEbZ4kxyoXAI,Roses - Imanbek Remix,SAINt JHN,0.0167,0.77,0.724,0.0107,8,0.353,-5.484,1,0.0495,121.975,4,176840,0.898
6UelLqGlWMcVH1E5c4H7lY,Watermelon Sugar,Harry Styles,0.122,0.548,0.816,0,0,0.335,-4.209,1,0.0465,95.39,4,174000,0.557
0azC730Exh71aQlOt9Zj3y,This Is What You Came For,Calvin Harris,0.199,0.631,0.927,0.119,9,0.148,-2.787,0,0.0332,123.962,4,222160,0.465
3eR23VReFzcdmS7TYCrhCe,It Ain't Me (with Selena Gomez),Kygo,0.119,0.64,0.533,0,0,0.0864,-6.596,1,0.0706,99.968,4,220781,0.515
2cc8Sw1OnCuA5bV8nqWqpE,You,Regard,0.0592,0.691,0.695,0,0,0.0647,-5.6,1,0.0367,106.064,4,233386,0.514
60nZcImufyMA1MKQY3dcCH,"Happy - From ""Despicable Me 2""",Pharrell Williams,0.219,0.647,0.822,0,5,0.0908,-4.662,0,0.183,160.019,4,232720,0.962
32OlwWuMpZ6b0aN2RZOeMS,Uptown Funk (feat. Bruno Mars),Mark Ronson,0.00801,0.856,0.609,8.15e-05,0,0.0344,-7.223,1,0.0824,114.988,4,269667,0.928
45bE4HXI0AwGZXfZtMp8JR,you broke me first,Tate McRae,0.785,0.667,0.373,0,4,0.0906,-9.389,1,0.05,124.148,4,169266,0.0823
43PGPuHIlVOc04jrZVh9L6,RAPSTAR,Polo G,0.41,0.789,0.536,0,6,0.129,-6.862,1,0.242,81.039,4,165926,0.437
5PYnqtWbSBJTJFl4Ui55HE,Closer - Tokyo Remix,The Chainsmokers,0.308,0.723,0.539,0,8,0.109,-5.149,1,0.0391,95.001,4,246787,0.635
5YwsqaWSMPrzvyDekJS7aA,Pretender,Pentatonix,0.0337,0.581,0.679,0,9,0.0969,-4.67,1,0.0298,91.964,4,175249,0.324
3cU2wBxuV6nFiuf6PJZNlC,Dear Future Husband,Meghan Trainor,0.375,0.655,0.782,0,1,0.317,-4.789,1,0.185,79.427,4,184227,0.832
3DXncPQOG4VBw3QHh3S817,"I'm the One (feat. Justin Bieber, Quavo, Chance the Rapper & Lil Wayne)",DJ Khaled,0.0552,0.609,0.668,0,7,0.167,-4.284,1,0.0367,80.924,4,288600,0.811
5f1joOtoMeyppIcJGZQvqJ,Be Like That - feat. Swae Lee & Khalid,Kane Brown,0.0469,0.727,0.626,2.58e-05,7,0.126,-8.415,1,0.0726,86.97,4,191406,0.322
47BBI51FKFwOMlIiX6m8ya,I Want It That Way,Backstreet Boys,0.257,0.689,0.694,0,6,0.148,-5.83,0,0.027,99.039,4,213307,0.482
1FZ90IoWFZlubV6bjyyEwq,Faded - Dash Berlin Remix,Alan Walker,0.000628,0.388,0.915,0.0131,6,0.146,-3.293,1,0.0462,127.823,4,215413,0.102
7eheoW4hxrH51ww2QePVwF,Gonna Make You Sweat (Everybody Dance Now) (feat. Freedom Williams),C & C Music Factory,0.000851,0.557,0.798,0.675,6,0.183,-7.405,1,0.0935,112.187,4,244093,0.794
4vVTI94F9uJ8lHNDWKv0i2,Eenie Meenie,Sean Kingston,0.0543,0.72,0.607,0,1,0.113,-4.168,1,0.0322,121.223,4,201947,0.828
6QgkOxBXqVRjZ1JcIDbDYY,Booty Wurk (One Cheek At a Time) (feat. Joey Galaxy),T-Pain,0.00931,0.786,0.689,1.14e-06,1,0.214,-6.113,1,0.315,157.936,4,235307,0.874
1rfofaqEpACxVEHIZBJe6W,Havana (feat. Young Thug),Camila Cabello,0.184,0.765,0.523,3.56e-05,2,0.132,-4.333,1,0.03,104.988,4,217307,0.394
2nA2F3JwEj3FoR9Pxgnkln,Lalala - Oliver Heldens Remix,Y2K,0.000461,0.751,0.8,0.000521,2,0.132,-6.398,1,0.0375,126.007,4,249547,0.48
6AfvfheW6VzyV1MNyZ9XXd,Rave (feat. Kris Kiss),Steve Aoki,0.0105,0.628,0.98,0.0687,5,0.444,-2.776,0,0.0766,128.093,4,205584,0.464
0vR2rIVORmgeKiGIgNT0fV,By Your Side (feat. Tom Grennan),Calvin Harris,0.0514,0.733,0.96,0.00199,7,0.287,-3.597,1,0.0295,124.01,4,189672,0.811
6Pgmqg15yVexuOgtzuxwoX,Dancing in My Room,347aidan,0.671,0.98,0.413,7.95e-05,8,0.17,-11.052,0,0.101,119.993,4,180139,0.764
4Lt6GXGzYsa1tgkv3nGSTm,Love Not War (The Tampa Beat),Jason Derulo,0.105,0.738,0.85,0,8,0.23,-3.049,1,0.0642,98.013,4,192921,0.865
6FuGJB290AQMAHTfjOYVaK,"Mood (Remix) feat. Justin Bieber, J Balvin & iann dior",24kGoldn,0.151,0.721,0.745,1.24e-06,7,0.372,-3.508,0,0.0366,90.988,4,192745,0.699
7BKLCZ1jbUBVqRi2FVlTVw,Closer,The Chainsmokers,0.414,0.748,0.524,0,8,0.111,-5.599,1,0.0338,95.01,4,244960,0.661
7eJMfftS33KTjuF7lTsMCx,death bed (coffee for your head),Powfu,0.731,0.726,0.431,0,8,0.696,-8.765,0,0.135,144.026,4,173333,0.348
4WV6zSmQVMmgSAaY9M5bVE,LONGINESS REMIX,SugLawd Familiar,0.416,0.796,0.588,0,6,0.0724,-4.89,0,0.15,86.977,4,254310,0.41
5mqucSnaCVI1kW6ewrXYE2,Talking Box (Dirty Pop Remix),WurtS,0.109,0.787,0.664,8.55e-05,1,0.0728,-6.487,1,0.0642,140.028,4,128979,0.597
3BjCtb7zq4Nn1riQhneMwo,TURN IT UP - feat. Candee & ZOT on the WAVE,LANA,0.0645,0.85,0.738,0,0,0.19,-5.178,0,0.0683,140.06,4,193039,0.538
49F3htNmwzPKFycPdOrDvf,Subtitle,OFFICIAL HIGE DANDISM,0.0313,0.649,0.683,0,6,0.118,-6.49,1,0.0424,130.0,4,305509,0.381
15yKpjWF7b00sQ8erjxQjh,lllトゥルティンアンテナlll - Cover,砂糖くん,0.00393,0.682,0.788,3.16e-05,9,0.0636,-5.02,1,0.0407,145.014,4,225552,0.96
5KLL3cZEyuSJRvyS84o4Df,ちゅ、多様性。,ano,0.00885,0.583,0.957,0.000411,11,0.0727,-3.439,1,0.0429,153.023,4,185753,0.87
3c4iCaXVuJaASqIvPLm7ts,だいあるのーと,七草くりむ,0.192,0.867,0.698,0.975,11,0.172,-7.042,0,0.0572,130.086,4,120000,0.929
3FmTrTjnEZ9ZX7b0LUPZYW,Have a nice day,imase,0.371,0.85,0.591,3.99e-06,5,0.117,-4.73,1,0.0386,94.018,4,175693,0.564
0tnhoHUrHfcLi9hPknUFZ4,僕のこと,Mrs. GREEN APPLE,0.0129,0.439,0.708,0,7,0.147,-3.825,1,0.0528,160.027,4,321307,0.454
1sIIlVrnPhrvmTrHtzM7tV,点描の唄,Mrs. GREEN APPLE,0.447,0.502,0.632,0,0,0.103,-4.612,1,0.0273,152.014,4,307067,0.308
2zuxjeU8HhNjhwAImmdLWn,アユミ☆マジカルショータイム,kinoshita,0.0659,0.573,0.641,0.000213,6,0.0531,-12.324,1,0.0741,187.049,4,233256,0.907
2IL2asrtx7XM1y8fu2RMnR,CITRUS,Da-iCE,0.22,0.549,0.861,0,1,0.361,-2.526,1,0.0459,82.042,4,248653,0.739
2Gmyw5Vg2X5YW2lM3OC7nD,春を告げる,yama,0.0397,0.548,0.871,0,11,0.357,-5.377,1,0.123,120.009,4,196497,0.487
2zsqR0Em5uxq8Oc99ENHfZ,Honey Bunny,$HOR1 WINBOY,0.672,0.761,0.627,1.07e-06,5,0.0923,-8.765,0,0.0743,75.994,4,215380,0.701
5035nfb8l177pkVOPgxhc0,Hug feat. kojikoji (Fantasy club ver.),空音,0.433,0.785,0.73,0,9,0.149,-4.099,1,0.0731,92.023,4,185333,0.529
6uUtmCz8XXep7n1QmC1jJG,snow jam,Rin音,0.185,0.583,0.627,0,1,0.159,-5.842,1,0.201,172.016,4,185379,0.805
0fMXvrDmGVZl2pA8JgLNH3,The Magic Bomb (Questions I Get Asked),Hoàng Read,0.0999,0.721,0.87,0.878,7,0.375,-6.414,1,0.0474,142.005,4,169014,0.366
6brnec7VcrIDvwiJrFKUB0,caffè e llatte,VILLSHANA,0.207,0.774,0.577,3.11e-05,5,0.0911,-4.107,0,0.0319,95.974,4,164062,0.728
5Q0MV4VIqR8792dvW0mKXs,Madan (Siren Jam),Haska,0.00668,0.872,0.731,0.0459,10,0.244,-5.206,0,0.053,122.999,4,127975,0.77
7aGyRfJWtLqgJaZoG9lJhE,Mad at Disney,salem ilese,0.424,0.738,0.621,7.39e-06,0,0.692,-7.313,1,0.0486,113.968,4,136839,0.715
3WWwNpb25m3UPtzODEO2Bg,Lay It Down,Steelix,0.0257,0.609,0.826,0,3,0.0462,-5.843,1,0.0415,90.353,4,193558,0.796
5ZbUTr9cB9i9OqRKbzouOw,MIRAI,竹内唯人,0.0521,0.538,0.818,0,11,0.0769,-3.535,1,0.0754,166.986,4,238922,0.508
34XjaPR1zoJP60GNPMFWkn,Tình Bạn Diệu Kỳ - Remix,Ricky Star,0.0958,0.806,0.879,0.00897,9,0.152,-6.56,1,0.0472,127.984,4,247695,0.555
7fWfMLmTNO7jNdw4SgFsHd,Deja de Quemarme el Chaleco Eco (Amarella Amarella),DJ RKT,0.000404,0.658,0.737,0.134,1,0.344,-6.619,1,0.04,91.987,4,118900,0.53
216wlnCJRteJdmJsNSW5jB,イケナイ太陽,ORANGE RANGE,0.000201,0.517,0.939,1.66e-06,4,0.127,-4.28,0,0.0463,144.925,4,241653,0.851
614OkajfRPH8V0ugNQnduP,Upside Down,JVKE,0.0494,0.88,0.501,0.0695,2,0.436,-6.774,1,0.062,120.038,4,114500,0.459
70IVQO4Pfr0oMszh7KLfjK,すきっ!,Tokimeki Sendenbu,0.0188,0.572,0.952,5.09e-06,10,0.387,-2.318,1,0.0646,163.008,4,316333,0.445
02qDk0sngobDvg3LUdt9Y0,"GOOD VIBES ONLY feat. JP THE WAVY, EXILE SHOKICHI",SALU,0.526,0.736,0.801,0,8,0.112,-5.902,1,0.225,166.169,4,201080,0.923
5GTNt44FIgCax5hjsrqNaB,Jumpshot,Dawin,0.212,0.912,0.628,0,6,0.0294,-3.869,0,0.0802,97.039,4,209093,0.828
6PniHl5meTLZ2rBgAQGVmC,GET IT ON,EXILE SHOKICHI,0.147,0.755,0.855,0,10,0.0562,-4.729,0,0.0926,99.065,4,163683,0.612
5hTpBe8h35rJ67eAWHQsJx,Caroline,Aminé,0.17,0.94,0.335,0,5,0.262,-10.179,0,0.505,120.04,4,209640,0.707
0HPD5WQqrq7wPWR7P7Dw1i,TiK ToK,Kesha,0.0991,0.755,0.837,0,2,0.289,-2.718,0,0.142,120.028,4,199693,0.714
6dG2zPUOWXk3eMC7Hb3wh3,DUMB DUMB,JEON SOMI,0.0221,0.85,0.734,0.000179,2,0.0728,-6.415,1,0.0491,103.027,4,149214,0.406
1g1AXdio16Yh5SXgPBXcfq,CHILDAYS,BLOOM VASE,0.349,0.679,0.814,0,2,0.132,-2.459,1,0.0462,79.002,4,190735,0.922
2mBSWdPL2upAEiky8WZKBk,TEAM,Yung sticky wom,0.0333,0.891,0.738,0.0004,5,0.0499,-6.341,0,0.0637,145.012,4,175221,0.559
2A3ShNautqXezP1lFDePwa,Give Love,AKMU,0.332,0.793,0.706,0,5,0.0752,-4.536,1,0.0695,95.992,4,176532,0.839
5LmFIIgoxJsSuimN8UBPzc,STRANGER,LEX,0.292,0.819,0.572,0,5,0.225,-5.931,1,0.0878,134.957,4,218667,0.909
0CAfXk7DXMnon4gLudAp7J,Low (feat. T-Pain),Flo Rida,0.0928,0.918,0.609,0,10,0.139,-5.64,0,0.0791,128.008,4,231400,0.304
5MDxibkStbJVWtESi6P6sS,どぅびどぅばどぅ,Amane,0.00534,0.488,0.7,0.000213,7,0.348,-2.887,1,0.0313,165.053,4,174545,0.919
4UQH52FfgGpzDShKDbBvEA,Forget Me Nots - Remastered,Patrice Rushen,0.079,0.918,0.459,0.0593,6,0.0532,-6.962,0,0.0427,113.818,4,284507,0.962
63VYITi5wbnh2XJEOmW8cj,Baby UFO,戦慄かなの,0.0976,0.906,0.676,0.000571,5,0.0721,-7.622,0,0.0491,100.004,4,223670,0.724
13xTXL5jCp9fZx4vgcIiop,Crazy Party Night 〜ぱんぷきんの逆襲〜,Kyary Pamyu Pamyu,0.177,0.694,0.991,0,7,0.175,-2.795,1,0.034,127.975,4,254189,0.708
0qt5f5EL92o8Snzopsv0en,Geronimo,Sheppard,0.456,0.705,0.78,0.00152,7,0.115,-6.267,1,0.0805,142.028,4,218228,0.457
6xrHTTHEOvv2RtUDqYZ1gM,1CHANCE,WANIMA,0.0162,0.485,0.924,0,10,0.113,-3.874,0,0.0685,90.695,4,164320,0.816
6IHWPY5iBUI1AOUclbtE6F,夜撫でるメノウ,Ayase,0.0749,0.702,0.732,0,10,0.297,-6.803,1,0.0266,100.0,4,262800,0.636
0bYg9bo50gSsH3LtXe2SQn,All I Want for Christmas Is You,Mariah Carey,0.164,0.336,0.627,0,7,0.0708,-7.463,1,0.0384,150.273,4,241107,0.35
31Xl7EkoKqnCrEig0IJ9zw,One of a Kind,Sam Ock,0.571,0.892,0.393,0,11,0.132,-5.633,1,0.196,88.986,4,219703,0.825
6LAHkI7op52Y4NoK2PGMlH,放個大招給你看 (OPPO Reno 宣傳曲),Ryan.B,0.654,0.704,0.576,0,8,0.0865,-4.962,1,0.0967,206.072,4,178720,0.921
2WBDnb2sYNqU2VHE3xf5or,So I Want You - Mike Jasom Edit,Mike Jasom,0.137,0.857,0.474,0.00326,7,0.272,-10.455,0,0.353,119.957,4,116938,0.393
2Bhqg1ONbtcFBTR96H7oQw,Illusions - Harpsichord Mix,Cypress Hill,0.00943,0.85,0.723,0.0818,2,0.101,-8.789,1,0.171,90.961,4,209200,0.55
1LBxSfZcVcePwIKZyHoqHX,You Know I'll Go Get,Rizky Ayuba,0.00268,0.831,0.992,0.731,4,0.124,-3.258,0,0.0431,132.0,4,160339,0.966
2JsAC3Ceymj3NQ0ZgUskx9,Kimi No Toriko Best Loop,DJ Facemask,0.725,0.903,0.313,0,2,0.113,-11.566,1,0.245,125.358,4,154358,0.983
1LnJVIG1BaHTRznuOgR0yc,Make you happy,NiziU,0.0436,0.78,0.885,2.8e-05,7,0.105,-3.745,1,0.122,160.087,4,184521,0.808
3jsYQw78lrxJA2ysnmOIf9,Some,BOL4,0.417,0.659,0.799,0,1,0.0562,-2.849,0,0.0629,103.991,4,181373,0.782
5reQI13tWWYDLMrGcUF4Mk,Nuestra Canción,Monsieur Periné,0.426,0.906,0.731,4.55e-06,6,0.0853,-7.021,0,0.0977,106.995,4,260080,0.794
3XHJUG5I2zYqOEmEZUX68n,Thunderous,Stray Kids,0.207,0.605,0.781,0,1,0.217,-3.913,1,0.229,172.134,4,183267,0.796
2Mn1f5NcAlxgYam7QLHC2O,Let's Get Eat,T-STONE,0.353,0.896,0.45,0,9,0.102,-11.738,1,0.217,139.994,4,158995,0.584
5d0IQ0iKCC3UZ2GOqzWpCF,Hello,JASPĘR,0.0138,0.667,0.838,0,11,0.169,-5.754,0,0.143,124.982,4,216960,0.744
7n2FZQsaLb7ZRfRPfEeIvr,ELEVEN,IVE,0.0617,0.828,0.731,0,9,0.048,-3.033,1,0.111,119.978,4,178453,0.587
7xGu8SVOr3Gdg8UEbnaKZr,Bawa Goyang Say - Remix,Ecarret,0.156,0.872,0.962,0.81,9,0.138,-3.384,0,0.0639,129.984,4,120034,0.615
5BdQuwZ9eQ0xI4bS3m18I7,め組のひと,Kumi Koda,0.00242,0.774,0.8,0.000412,6,0.0404,-3.612,0,0.0372,115.978,4,217867,0.842
7uU7UhUzfZJ5vEMoemdcIW,Oops (feat. Charlie Puth),Little Mix,0.424,0.831,0.657,0,11,0.132,-4.161,0,0.0482,105.0,4,204760,0.918
5pI0WDPDwNJEZEHoXLs4Ds,Tie Me Down,Gryffin,0.136,0.608,0.845,0,6,0.111,-2.292,1,0.0597,98.976,4,218240,0.322
15Z76oKtxXHQvaeFsFudIs,接吻,Original Love,0.139,0.599,0.815,1.98e-05,4,0.142,-7.645,0,0.048,96.028,4,280693,0.649
0xYSgQHddr1lh6IfqWgn2W,ロマンスの神様,Kohmi Hirose,0.149,0.667,0.802,1.84e-06,1,0.163,-6.495,1,0.0349,125.91,4,269284,0.556
0g1AmSKokPboFrxmG1dxKx,Some (feat. Lil Boi),SOYOU,0.446,0.738,0.676,0,11,0.253,-3.025,0,0.0507,95.04,4,211375,0.961
0L9oPr8kJBxupBSKts8A9l,My Name Is,D Billions,0.234,0.872,0.907,0,0,0.346,-6.549,1,0.077,128.069,4,84375,0.414
4fdB7D3ie0C6HZLEb8VTHA,インベーダーインベーダー,Kyary Pamyu Pamyu,0.0406,0.536,0.923,1.83e-06,8,0.0745,-1.546,1,0.0404,160.0,4,251742,0.775
5DMEvbg3gUmiR5HIBWdveV,ノーダウト,OFFICIAL HIGE DANDISM,0.0585,0.574,0.936,0,2,0.336,-3.185,1,0.0701,149.954,4,202395,0.792
0UP2LfMahz2upMadwoqGfu,First Love feat.natsumi,VILLSHANA,0.192,0.736,0.693,0.004,7,0.0846,-5.231,1,0.0296,92.014,4,145109,0.766
6iuOCaZ4um1DQfdoCyZzWy,I Am Barbie Gabber,Loliteek,0.025,0.668,0.857,0.029,4,0.788,-6.799,0,0.119,160.202,4,361057,0.903
0DeDxeSGIcWO4WPU3QkNFi,Cream n' Frosting,Sabby Sousa,0.175,0.804,0.303,0,2,0.105,-10.261,1,0.0592,110.033,4,216000,0.332
5bcTCxgc7xVfSaMV3RuVke,"Feels (feat. Pharrell Williams, Katy Perry & Big Sean)",Calvin Harris,0.0642,0.893,0.745,0,11,0.0943,-3.105,0,0.0571,101.018,4,223413,0.872
0KKkJNfGyhkQ5aFogxQAPU,That's What I Like,Bruno Mars,0.013,0.853,0.56,0,1,0.0944,-4.961,1,0.0406,134.066,4,206693,0.86
3bZGGKrMQLDGg18y2QqKFF,See Tình,Hoàng Thùy Linh,0.497,0.846,0.755,0.000984,0,0.0696,-5.013,0,0.0378,97.009,4,185003,0.854
3uwnnTQcHM1rDqSfA4gQNz,Cool for the Summer,Demi Lovato,0.00425,0.583,0.61,0.000105,5,0.14,-5.639,0,0.0382,114.06,4,214740,0.336
4h4qR86LKL1KnzQWM2484a,ボーイフレンド,aiko,0.0636,0.743,0.888,0.000342,2,0.334,-3.072,1,0.0323,120.032,4,286800,0.792
6CFPFnS9EcLs2I0nWqtWci,Because Of You,Ne-Yo,0.528,0.81,0.538,0,0,0.0951,-5.784,0,0.0356,109.97,4,266840,0.828
38NqAjiLZwayKxH6vW87Mq,Introduce Friend Dance,Quách Trọng,0.164,0.622,0.953,0.213,4,0.307,-3.567,1,0.0325,139.968,4,323107,0.601
0Q5VnK2DYzRyfqQRJuUtvi,LOVE DIVE,IVE,0.00379,0.703,0.709,5.43e-05,1,0.333,-4.169,0,0.0433,117.941,4,177187,0.538
62nTTSIA83Rb35r6C3ADtc,ハニートラップ,みきお。,0.0211,0.591,0.705,0,5,0.0819,-4.738,0,0.0537,94.931,4,197053,0.525
5ZrDlcxIDZyjOzHdYW1ydr,Barbie Girl,Aqua,0.0167,0.812,0.879,0.224,1,0.366,-10.998,0,0.0397,129.991,4,197960,0.962
0AF50NdDzZ3cze2O0SyjXf,Dissonance (Feat. AKMU) (Prod. GRAY),Mudd the student,0.0196,0.736,0.558,0.000193,0,0.368,-1.919,1,0.0552,100.012,4,273640,0.697
0y60itmpH0aPKsFiGxmtnh,Wait a Minute!,WILLOW,0.0371,0.764,0.705,1.94e-05,3,0.0943,-5.279,0,0.0278,101.003,4,196520,0.672
22x5EpcJkfE3SHBONJG6FS,韻波句徒,CHEHON,0.408,0.806,0.863,0,10,0.0755,-2.679,0,0.0518,122.03,4,291440,0.928
6pllZAdgBf4QTcFUrF3DzL,喜劇,Gen Hoshino,0.0322,0.676,0.461,1.01e-06,1,0.358,-6.746,0,0.143,87.917,4,230667,0.715
7vXxYbfD6GBg9XFBjtWbcG,GO FOR IT !!,Kana Nishino,0.132,0.631,0.914,0,9,0.426,-2.736,1,0.0535,146.887,4,237200,0.785
6DB6p1dVSNWJbmrbF34icS,1 of 9,YOUNITE,0.124,0.704,0.828,0,0,0.11,-4.668,0,0.139,114.873,4,199327,0.798
6tS3XVuOyu10897O3ae7bi,California Gurls,Katy Perry,0.00446,0.791,0.754,0,0,0.163,-3.729,1,0.0569,125.014,4,234653,0.425
30MH35NPiE2zKSJY1nFv3N,キューティーハニー,Kumi Koda,0.000906,0.553,0.896,0.133,5,0.129,-5.88,1,0.0377,155.084,4,185633,0.733
5HiSc2ZCGn8L3cH3qSwzBT,러시안 룰렛 Russian Roulette,Red Velvet,0.055,0.726,0.903,0.000225,7,0.158,-2.277,0,0.0357,129.986,4,211244,0.958
08T4C8obLBuhwzJiYWBVRT,WE GO,fromis_9,0.0168,0.67,0.925,0,6,0.201,-3.214,1,0.104,124.017,5,175947,0.78
57UIzA0NsbupNyc7O6ZhYc,BANANA,CREAM,0.603,0.869,0.81,0,11,0.0672,-5.153,1,0.0453,100.005,4,177050,0.928
4Y0chGCyYIRpdUqHJjndF7,Celebrate,TWICE,0.0628,0.776,0.89,0,7,0.0634,-2.678,1,0.0573,111.998,4,188433,0.864
76OGwb5RA9h4FxQPT33ekc,SNAP,Rosa Linn,0.107,0.565,0.636,9.9e-06,0,0.447,-8.198,1,0.0638,170.01,4,179551,0.525
2DwUdMJ5uxv20EhAildreg,Cookie,NewJeans,0.0596,0.847,0.638,0,0,0.0894,-3.764,1,0.0575,156.935,4,235562,0.661
2jkhEzqcbWTjJ6wy7Zvy0f,福沢諭吉,Ninja We Made It.,0.0535,0.859,0.773,0,11,0.0716,-7.184,0,0.209,165.145,4,114240,0.615
1loEg7xrrU55EQG4JAkrnG,NIKE DRIP,Taiyoh,0.0883,0.816,0.721,0.0356,1,0.277,-6.837,1,0.291,143.895,4,120077,0.67
7dtHPzQXWbV5xDpoOvQbcP,最後の一本,Japanese Magenese,0.16,0.772,0.753,0,5,0.259,-4.594,1,0.185,92.076,4,294976,0.755
550CzT8fS8lxeyhXbJpm0F,Chase Love Hard (Feat. HWANG MIN HYUN),BOL4,0.244,0.745,0.689,0,5,0.0526,-2.265,0,0.0356,98.999,4,181440,0.703
74tLlkN3rgVzRqQJgPfink,Money Trees,Kendrick Lamar,0.0703,0.716,0.531,0,7,0.224,-7.355,1,0.122,71.994,4,386907,0.344
4TRCU0oQOWfdT3Hqx02aMp,Can't Take My Eyes Off You,Boys Town Gang,0.0249,0.683,0.843,0.000917,10,0.136,-7.366,1,0.0407,129.702,4,225096,0.803
6IEqiEgTQn4FwE0seKXFZO,Lovers,sumika,0.0657,0.606,0.919,0,11,0.297,-2.024,1,0.0318,114.474,4,250800,0.766
3nggxIp4ODUZm3G9z7vT4e,Go Girl - Sped Up,Pitbull,0.0405,0.955,0.644,0.000748,11,0.21,-6.355,0,0.345,138.038,4,191390,0.962
4gdCLKxDflDweye4bsfNnW,Bar Bar Bar,Crayon Pop,0.0131,0.931,0.818,0.697,2,0.0765,-2.964,1,0.0445,134.015,4,180532,0.856
7g5Gy9Q4JRyaNUbcobn3QG,Price Tag,Jessie J,0.0293,0.636,0.832,3.6e-06,5,0.272,-3.944,1,0.179,175.024,4,223053,0.677
5YADi8VnCwx5ahhwNdgQaZ,How Many Boogie,SKRYU,0.0122,0.773,0.736,0.00445,8,0.374,-4.864,1,0.154,126.007,4,159048,0.83
